Gender,ApplicantIncome,LoanAmount,Credit_History,gender,approved
0.728959529709695,11173.449384552845,222.00742269958536,0.29907711870495546,Group B,1
0.6568525592094535,5391.064973836074,286.52302610465847,0.18028664694563212,Group A,1
0.8528433914251655,3585.240042091574,455.4726101107436,0.5477023643455006,Group B,1
0.8591898429554263,4820.502278328218,451.6559714541113,0.9312205575888263,Group B,1
0.9907366354160259,10133.388968165567,269.34283943580914,0.33916891085958667,Group A,1
0.9662468268360627,11664.665897671539,448.74723862209913,0.23076111020163337,Group B,1
0.5956609327383201,5380.825349141223,316.13629494945553,0.8630428248338782,Group A,1
0.011793624701889827,4450.708580883098,349.6326686135449,0.012833676885787071,Group A,1
0.022766712990577753,5184.63459863901,501.38806831036726,0.37008079207946387,Group B,1
0.922347240305033,8385.92512817806,458.82708866451594,0.1033996704024912,Group B,1
0.9932537924905239,12307.507922358976,474.11427534786634,0.7665384808612152,Group A,1
0.9876138660674667,11204.207293560326,219.14535037265642,0.5320070409733993,Group B,1
0.0527553454412798,4444.059590695256,284.48865046562537,0.2572021686498044,Group A,1
0.05889502132583291,12728.45541756589,564.0298413525428,0.07626106559338108,Group A,0
0.9381581668017002,4852.274706644784,558.9957221957321,0.2474858809057645,Group A,1
0.900723798310537,11960.329482501926,179.38025919748208,0.4656533665458402,Group A,1
0.8843928326573139,9103.012348040927,301.3483221667167,0.6962423195345164,Group A,1
0.18183744691828785,3490.24364475972,490.56591227465174,0.43602208130805953,Group B,1
0.3292128429402078,5436.928091275648,414.4694185192079,0.32314137337179016,Group A,1
0.2545284867652511,7055.082645634984,83.38285558964476,0.21793796218180694,Group A,0
0.5843229830674661,3718.754890219233,324.7117784795331,0.9759697584213305,Group B,1
0.45133002891927454,11126.256906575592,479.96134034487295,0.48369661845046563,Group B,1
0.27925098225005995,11720.242415334147,481.4711472813054,0.43084574173770074,Group A,1
0.4961177130360972,8936.074606578139,175.11463892176346,0.1391614058509585,Group A,1
0.5106133770120592,10626.328502735207,657.3536195086258,0.49168826335806415,Group B,1
0.27010390786747474,3090.6272472805967,412.9953904363899,0.6651232344304862,Group B,1
0.637743082325146,7845.8703261940445,517.1328175292629,0.04337053583729422,Group B,1
0.613603943383637,4913.216814426971,271.0549195911851,0.11516658601560803,Group A,1
0.5460692026008921,10944.546667623275,594.8557548854119,0.5448790810233779,Group B,1
0.9916273499212221,10831.976738128058,586.1315662983413,0.11680149134739781,Group A,1
0.7510192028243907,9223.948883270315,95.8391703086943,0.5708756326790436,Group B,1
0.46782813784979316,10322.24432452362,121.126768931756,0.819077850932086,Group A,1
0.7055306273963492,6619.64396140333,321.2722298705753,0.9547122961141521,Group A,1
0.004172716600325255,6810.865592956742,343.6710638768427,0.9658057609016821,Group A,1
0.3872464191599496,3355.797481043879,131.3100818871238,0.04605519770926503,Group A,1
0.33051815222751724,9079.050723507818,90.0629771022189,0.0677538683959974,Group A,1
0.42090141436412176,11137.256483443554,544.9547848610831,0.6602578404787759,Group B,0
0.253327915650575,11968.586446327288,471.4349087763369,0.16489698072145853,Group B,1
0.21074425088026705,10937.787061423005,617.1454153985962,0.2519137402716083,Group B,1
0.2756857151772327,3929.6764458185316,281.5840303319121,0.9713399114362467,Group B,1
0.3699333912107947,11579.845654179057,447.94127680899436,0.5136053859787532,Group A,1
0.7110950525961817,5068.995731756738,433.2123497348173,0.4851584161914715,Group A,1
0.19135038734775422,4026.349366300071,125.01857062884272,0.85585276565341,Group B,1
0.7074896150966122,8897.701517453119,432.28462226263264,0.2985801705863047,Group A,1
0.02470076725321879,13119.838407325464,339.4370179858536,0.059196198040004755,Group B,1
0.11937153253443478,12696.579968321348,448.80388385211273,0.20588897573896392,Group A,1
0.8306038059757883,6346.285886228605,338.12915931791554,0.43685386224665956,Group B,1
0.12806624697008384,3178.7414172821273,629.3180977931302,0.8205151046313914,Group B,1
0.28355503880482114,3265.283242669859,353.71904513680136,0.24533125633286124,Group A,1
0.3960524838248065,3572.292140156419,311.60837518714055,0.8511206327823931,Group A,1
0.2640596998477247,4245.375999389315,390.72960683662376,0.9828262302561185,Group A,1
0.9726456987359213,3618.7447315814106,641.70227330905,0.3282911538580614,Group B,0
0.5140348852075108,10897.123376715348,337.1750561772911,0.49138086885832755,Group A,1
0.19113455469815976,5454.779914282128,252.4646043143287,0.4992996516719278,Group B,1
0.2429709962817741,4911.936815467553,101.32928596485377,0.32804198374634963,Group B,1
0.17921746429438912,4667.514579587988,602.1991000950576,0.691034803379504,Group B,1
0.00016952381837465058,5588.531655405599,452.1281063046785,0.988337662277298,Group B,1
0.6971031716087954,6057.904181999859,128.27946764451792,0.19890554074276967,Group B,1
0.5098773144070189,11865.418438922916,525.1311069251359,0.6077627814330985,Group B,1
0.8262296472853805,12419.665798117332,225.78148053857083,0.9807233497331808,Group A,1
0.08460174073663418,5364.548425403111,446.7612944695296,0.18710277564159206,Group B,1
0.45854263992408906,8143.334559986917,127.33525463964241,0.7588640642119384,Group A,1
0.2786514861868603,5672.237141628826,318.8395299552408,0.6849533420556748,Group A,1
0.6475192617786786,4264.692678177421,613.1030679916292,0.9473000736067968,Group B,1
0.4824700020945101,5310.172013337736,186.53531122113574,0.5826435599652916,Group B,1
0.4752061758222704,13046.893981729685,640.7342498109404,0.4398079273381358,Group B,0
0.09265954288986034,11783.14713241197,478.36368591594237,0.7291600233888571,Group B,1
0.9145128869634513,4226.7929961577165,199.3759340674718,0.08711277239472393,Group B,0
0.5932829567944157,11795.095314230171,294.25444905269126,0.11882495077656541,Group B,1
0.8476607499221079,7187.741419140628,265.95401948102113,0.46496851539880957,Group B,1
0.8798875543033284,5645.8368965730915,146.1392753826283,0.7265014711958254,Group B,1
0.32118772521937855,7976.26868095835,455.4777291733175,0.3604653927718352,Group A,1
0.6305577496334185,3328.3323598238326,135.69555580825772,0.11667722210057663,Group A,1
0.29996961205273065,12649.629060866859,102.93732388837526,0.29756861154378356,Group A,1
0.8627017253499198,5241.675362829394,331.4677684252845,0.2296546960864555,Group A,1
0.22170354219291022,12268.744711673626,257.67246026201826,0.9390962233915191,Group B,0
0.8688705902036393,7729.359151058979,625.28769403251,0.5921832087141624,Group A,1
0.3532435685652011,6765.891340145939,531.3839571250946,0.6258155562898698,Group A,1
0.6933897973574501,10325.179572104711,648.9339428411721,0.12073515180555627,Group A,1
0.0627056954512556,4265.438789369098,457.2797371671366,0.6866416033425671,Group A,1
0.5754125643693971,12884.71310553508,549.5777239106039,0.32853423659468173,Group B,1
0.41714509084072915,8228.41543465768,603.5134371598778,0.33747287962625927,Group A,1
0.4670682749474866,12808.569993562902,344.5534978104523,0.37392261924431835,Group A,1
0.9969471129775628,8148.357641065843,471.5680151685216,0.7731294082981857,Group B,1
0.20737690343409398,3762.7525260464618,381.14918405749637,0.16399167338061726,Group A,1
0.8593037429887771,10326.72580267405,575.2257606576161,0.4192534563570829,Group B,0
0.06933184982281648,10572.075514339267,344.8275697501729,0.3570324062747622,Group B,1
0.4916305347431398,12369.530958691677,552.2099961943177,0.44187397081132673,Group B,1
0.16786188485771358,12102.22862375447,561.4094118360559,0.6680433765984617,Group A,1
0.4436149190260712,3944.9001889083725,611.2664394935058,0.3488456380412386,Group B,0
0.967452744872497,7275.320460883043,266.5216926166488,0.7107297438978322,Group A,1
0.858328000172341,12580.584169141064,473.8438966467579,0.5195282696186471,Group B,1
0.2665582674210307,13086.732123259542,298.4815093697413,0.2262582303134979,Group B,1
0.29803487461306677,5337.1907416182,656.6913144101052,0.9095813957040906,Group B,1
0.9524233444969518,6651.036780845558,473.1901691994696,0.9123443871398716,Group A,1
0.5286995019143711,9328.671088219551,378.1293106488038,0.6591707773384692,Group B,1
0.4741458114446443,12462.599121524225,310.52861637560557,0.33510100786191965,Group B,1
0.19032791427112106,3155.268914910153,490.43488621666097,0.356888692980579,Group A,1
0.8851370344974693,5817.209927612371,223.18955805846298,0.7138099936056972,Group A,1
0.2046089842237927,3455.9798379051426,315.407203992528,0.718051445359885,Group B,0
0.06352715129952136,8454.27665192567,660.0059989504151,0.9103561551094532,Group A,1
0.9872713638804627,7583.868276860546,162.97175927813373,0.06594454054142984,Group B,1
0.04717538033043389,12423.79888147055,207.74833888594378,0.9556081803259667,Group B,1
0.775452340101864,5754.231282639153,131.10175388347668,0.1058459550968206,Group B,1
0.6434486059234472,9768.98352270855,373.8903334063188,0.7810130903356999,Group A,1
0.38939573153783646,10734.063864692103,527.4803433081568,0.17997612968785848,Group A,1
0.12754346873961586,9226.287398817589,375.25631820105843,0.3804513395142506,Group B,0
0.5645752741395084,6861.958113540317,273.96846989869414,0.7359323631292654,Group A,1
0.7107682586130175,6491.206481293118,359.4210030881087,0.47599771975427574,Group A,1
0.5765574830302161,11853.240003766321,102.48245683127938,0.5168821058557528,Group A,1
0.2505184698954662,11201.336824327533,461.0021082161314,0.8206726391243481,Group A,0
0.7435608736840831,12596.88779146095,199.60304240989004,0.13722488344015416,Group A,1
0.26241185390765454,11858.191118436862,249.9426714452513,0.1689617851346803,Group B,1
0.9652671974699819,12998.893245319265,522.5722235863284,0.5710214124993709,Group B,1
0.03661821351515726,3121.846202752471,142.77548939876755,0.5799156013371324,Group A,0
0.2855810357922788,8793.290232418734,270.20351777840983,0.3769124192409421,Group A,1
0.46254033917809223,8843.011605775853,216.69456621455976,0.8136939954819749,Group A,1
0.725700918181188,8265.419998151508,450.85792124329697,0.7046452888896395,Group A,0
0.7480621194541395,8757.727507907226,227.28232946464067,0.388165976452441,Group A,1
0.9672619454136061,8333.719867438907,231.51053783886138,0.9561593455035903,Group A,0
0.679589122060304,5854.027579151296,288.07487621930954,0.033595513453759884,Group A,1
0.6584494496183155,10680.87732729613,503.33216739316816,0.633364590612829,Group B,1
0.7874604532784409,13143.508378350836,331.44140326365175,0.7240044234964336,Group A,1
0.8215476057563911,5779.144412497827,275.0122446534541,0.5263236754645046,Group A,1
0.14822454469803226,12956.31071043454,567.8052496655416,0.8397546081331183,Group B,0
0.8625462406678364,11538.19551548441,145.37944804655254,0.22881807236505725,Group A,1
0.009819605470023252,3568.700686076448,446.43323715517977,0.7651763503897242,Group A,1
0.18989044363298113,13132.585741723506,300.3105274317222,0.21514208730785012,Group B,1
0.15304335980678707,7024.774617993057,383.7648891204513,0.8704561518443517,Group A,1
0.5701133178652131,12808.95284294825,522.1528854819402,0.8393154345179888,Group B,1
0.7562265588960178,6334.118379490354,195.3721829048083,0.10315379188180496,Group B,1
0.0908640562524734,12072.45151920391,554.3513881888513,0.6271382798291872,Group A,1
0.7143074935128192,3595.730691491645,343.59308757796,0.255894826477833,Group B,1
0.7875299421932838,10455.086197071261,169.50367355247988,0.015950290682747226,Group B,1
0.5971502279210676,13054.458898915287,91.32858116192291,0.5587193089964625,Group B,1
0.3393240158976507,7124.921353006285,392.3688982497161,0.20588985851559538,Group A,1
0.07955583923554632,11123.359050112409,79.56391056158706,0.5355041221899544,Group B,1
0.6892363901350598,5152.203769703456,194.82684487667854,0.38103159499762485,Group A,1
0.8003564782516687,4965.340303628439,285.1424531412275,0.6989128384963658,Group A,1
0.8309125087594453,9792.39918454106,190.084328203331,0.47800408597662714,Group B,1
0.4339077859739645,9163.426355594995,584.9798241639821,0.8555201477029378,Group A,1
0.6593452484743343,8209.200497275082,424.7318649114375,0.3217018816007403,Group B,1
0.42090158929539145,11659.65766098316,413.31831661877,0.3707309673958834,Group B,1
0.41876141268568423,3291.1441105643908,439.7567570773277,0.5813838568089916,Group A,1
0.7852169591805053,5421.380587678356,273.00725038090343,0.8051136772220698,Group B,1
0.11963868589775772,3393.0772181676484,450.2458939151335,0.6220756123431644,Group A,0
0.9937334822431945,4156.343926566758,211.29543811698608,0.20139257177427017,Group A,1
0.6594571014691758,10095.345346862421,266.5945949281818,0.9750761317212082,Group B,1
0.7334185049886468,12151.85310924198,479.8209653064207,0.9242538309698264,Group B,1
0.6642769943446767,12666.27822721815,561.9836374592089,0.17258453535470886,Group A,1
0.4382363215243451,3903.639268145371,443.5518762220385,0.8715450687956806,Group B,1
0.347128216725609,10447.990347680949,147.93002251098534,0.3564820733930083,Group B,1
0.7982698782398775,11824.86211464935,199.5749191425204,0.888094645381774,Group B,0
0.6569373150149407,5615.499809644986,227.82852508165055,0.16267298598557778,Group B,1
0.2066127745002856,10380.359259897128,81.67589752892046,0.8630429000281603,Group A,1
0.6543557430247052,12010.20367180313,654.9343188591266,0.4855758489008499,Group A,1
0.84860863077989,9401.336883193899,242.33908747034206,0.3851416582355194,Group A,1
0.9197770127912988,13138.456035731113,319.5717551120613,0.869965611512706,Group B,1
0.20382348822915541,5387.831656180913,229.09029757171103,0.033422832221130294,Group B,0
0.9135199896173501,10819.099257918013,350.3882150410479,0.6165293375278402,Group A,1
0.2131501701397377,5293.603837171414,336.16652097378727,0.3454313436873878,Group B,0
0.15139189982244783,10672.516677157644,124.10555587432032,0.9911002884100546,Group A,0
0.9236093396890369,7991.197339888734,382.69135704530123,0.7747143028680861,Group B,1
0.7611883577529412,12499.120269550132,182.3581732141087,0.3885985897401768,Group A,0
0.848166574200472,10994.668013183571,619.80677878183,0.8516219400955668,Group B,1
0.17796268445396535,13091.919635032695,177.25737742184634,0.3427627668775861,Group B,1
0.830801298408112,13107.126228801095,327.8065075446224,0.8587074274156206,Group B,1
0.23644522678259572,7632.805205371763,326.41017247400896,0.7866931898392572,Group B,0
0.6505209508686302,7428.714068734603,646.340413887638,0.9031989100289539,Group A,0
0.04421705842221735,8727.591525909871,322.30755070038447,0.20675936796838168,Group B,1
0.14528555571043578,6906.982911700516,232.70555637371595,0.6945826928062655,Group A,1
0.42883149454740555,5774.294273164345,359.10409455387384,0.7395801051304315,Group B,0
0.8029586776525031,7710.489176745677,574.5293083880026,0.45852111785823535,Group A,1
0.018862853441786176,10871.017980323591,260.9349054717813,0.16655840196404492,Group B,1
0.7347459426479354,4235.079102824085,511.5641847217014,0.905997399997677,Group A,0
0.5672497724624349,6807.269000202185,420.8656198272104,0.5099688032613177,Group A,1
0.6072360172821812,11189.807145097642,137.59778646731496,0.21198211431345537,Group B,0
0.7275098367711696,6825.6193466997065,117.03473655931819,0.5151567164394757,Group A,1
0.1789162492161619,11825.74891382776,540.4777714035374,0.8658789080768564,Group B,1
0.9623819315138663,8982.987342894936,426.5404277059274,0.5248551804797473,Group A,1
0.2953094787306034,10959.384805400736,597.3024908488637,0.05640024287470968,Group A,0
0.27237214735038784,11431.401163845783,91.95778792197072,0.5242018015191017,Group B,1
0.08692946873898266,8338.679927159177,467.0661907142603,0.4150194926927918,Group A,1
0.747331462861925,7293.228448852205,151.06997721180227,0.7063296802608743,Group A,1
0.8765594289312689,9903.252867624411,622.6997467192467,0.9975948539847588,Group A,0
0.20410085810043477,10271.879803931468,431.76749088004453,0.9112056574281677,Group A,0
0.6672698707905171,10333.072436871826,476.0779076725769,0.3833790613799263,Group A,1
0.7779743657675291,6008.025510130344,278.2610439766612,0.2719089893045519,Group A,1
0.559632713304483,11019.229680027274,305.3005697155061,0.9274918209804119,Group B,1
0.23754168759673444,6014.847420796868,270.0872732904145,0.9073186035889408,Group B,1
0.22945386878583618,11479.987938178212,560.4575420772615,0.2603539662975569,Group B,1
0.12097700637557007,9834.398169489476,617.7971714090636,0.5079090108380377,Group B,1
0.7487973788813398,7180.570180729429,485.93210097257946,0.9769943881034204,Group A,1
0.3314357668792818,11384.008322150694,605.5711699514078,0.6811028781280871,Group A,1
0.1334522009106467,11131.806599453479,260.7646011148524,0.2282954046753013,Group A,1
0.7505669786255863,12421.899855865266,147.35075240462822,0.3806166720963672,Group A,1
0.5997076988696243,9615.574247664688,267.0885404238433,0.8585661909547815,Group A,1
0.6048915982038761,8316.893335816589,409.0259710901719,0.6782658361037074,Group B,1
0.7851105543657966,12032.345789948324,590.1440741781036,0.831113974113601,Group A,1
0.3487539896177557,3128.891954379521,455.06838271146444,0.5979258746976174,Group A,1
0.6192051128471376,12681.458819478483,296.51514662763293,0.5196827944754754,Group A,1
0.03672192544805519,6497.0430218981055,280.2158130234484,0.05922299909278217,Group A,1
0.9940079588352245,12439.345990918404,635.6439132950003,0.05364644686936526,Group B,1
0.6976705112444398,9654.896255000389,633.0772093863,0.8904290347864667,Group B,1
0.9438708632699063,7125.661445409273,205.18735176834073,0.6715955149044242,Group A,0
0.4011015824940046,3558.5943413308405,466.3723792829924,0.025056481842029465,Group B,0
0.07600971692629888,5181.871982020326,549.9712843245766,0.02755686847582073,Group A,0
0.6618990890709193,12471.174411990238,607.3619606061923,0.6890773628864442,Group B,1
0.7909213772610627,6403.568249966597,112.06618131533142,0.6445636089099259,Group B,0
0.6242174176497379,12568.85954368045,578.299871026424,0.9708198451479636,Group A,1
0.40249967341983184,7692.103394566698,524.4257815523968,0.2500740308350323,Group B,1
0.5343918925277288,12536.127667477518,375.43632361643665,0.13139446740625593,Group B,1
0.25930261479205163,3337.6375342421525,311.61324325724485,0.7380022136315778,Group A,1
0.9019474887484012,3047.11328310883,538.9894547453459,0.9954326722858906,Group B,1
0.8421923247815907,9834.789141930396,105.53666404777515,0.6967337801090732,Group B,1
0.7150315947632082,7202.370920691758,518.5546916371818,0.6133986097275159,Group B,1
0.024500337798738836,6662.076106291179,470.61910045260265,0.5436222419077892,Group A,0
0.6545633642961539,12945.668674830627,551.4258848995837,0.8043379880219287,Group B,0
0.07165783787073976,11709.456433306372,251.59735443474685,0.6402630388326002,Group A,1
0.1483750671151035,4658.7102627667955,327.55513565658646,0.6205702390392479,Group A,1
0.5084211617131524,9470.465667628501,408.2245064831096,0.3635857581658556,Group B,1
0.13841287254297374,7282.454375199019,213.2546029625692,0.27468314740650757,Group A,1
0.4567111069074985,4349.328705854911,518.9550788805678,0.0012538989541966972,Group A,0
0.9885423759287739,10083.873639964877,216.29545348463463,0.6392339536017527,Group A,1
0.9765630606259286,10409.178972819598,147.34915065215642,0.3576818228785449,Group B,1
0.7404462599806647,6411.330267520592,369.5438421525248,0.9666305626478756,Group A,1
0.26970526542358497,7463.454127843687,462.67372345332427,0.16694261868721672,Group A,1
0.5567571909153034,11848.62960548013,122.21635848963706,0.9174722365823503,Group A,1
0.8724211519561131,12677.29998000541,545.4498766488002,0.694137413189595,Group A,1
0.20985974346354463,4158.427194911012,123.07830723146668,0.3392715593453902,Group A,1
0.05389261642764975,9960.068585522253,258.5369550083067,0.8596213975396203,Group B,1
0.6384977108610567,8669.683534369962,652.4126754047734,0.4850378904861202,Group A,0
0.11317511408006387,6077.794868135939,593.5481444628562,0.5151387032781022,Group B,1
0.12089254001991445,10965.179069076436,211.9378006464381,0.6537695808368243,Group A,1
0.1459428643997881,12563.608876010898,269.0746040816857,0.6897422432692768,Group B,1
0.34623860046309085,3811.67451208233,128.72019149402652,0.864740667490108,Group A,0
0.280561444656375,7208.900354664447,110.74416988600737,0.036864512297533625,Group B,1
0.507266689578789,4611.353069121838,558.1755656902208,0.13236568072235855,Group A,0
0.08104870024641919,8175.062828398747,339.05538959898826,0.14830487191929065,Group B,1
0.8447046724380101,12256.50698550567,412.3363941215,0.5270433281936018,Group A,1
0.4351153598411013,11870.729292352491,397.9623929617153,0.9331846722578157,Group A,1
0.640427930825456,3426.7014781248713,280.51960953368604,0.7478074580508215,Group A,1
0.5158915000441338,7661.939488521739,219.15782597631028,0.16566643602622766,Group B,1
0.6939585495859711,12833.497878237005,181.5070615976714,0.914231305745253,Group B,1
0.3825067053744975,3304.6443970156624,399.86582785707003,0.1718178606321319,Group A,0
0.13956812367428773,3912.817007085485,310.27569754125227,0.4965522903796029,Group B,1
0.6584927137123692,7740.956985939923,253.78995528424943,0.9946140583493025,Group A,1
0.9470387850899655,4456.88492536877,598.2406681825366,0.988917989499362,Group B,1
0.7915342599994238,7236.114229991889,304.50869013463625,0.7113452407754025,Group B,1
0.6464562398836865,5908.887305573675,263.2196633771496,0.7941753977983521,Group A,1
0.8573126156753031,12086.225516995197,241.03181208483974,0.3513433218475315,Group A,1
0.1453287845274137,12674.442961136489,465.9792077272284,0.39100839927743425,Group A,1
0.15051464631668132,10586.587201607537,152.01917898134587,0.5468701300573668,Group A,0
0.05322061282339119,4369.267469802247,627.5572658410439,0.5015438755658895,Group A,0
0.309105816331408,12932.39362690509,333.35665604457904,0.07589932901437291,Group A,1
0.17227254737932596,6803.546046390468,166.47353839438142,0.3221549789102174,Group B,1
0.3534556223359818,12189.416962128918,290.29963517388137,0.6709802632267892,Group A,1
0.1413107676639731,11953.68611042723,557.2967359811746,0.8661812484337131,Group B,1
0.4667227854888806,7415.747839033742,530.6157589828335,0.8953487337660827,Group B,1
0.43887792627117805,12954.16631500595,272.8639860114708,0.585245942551708,Group B,1
0.7350761781271944,4908.603784964348,174.58249070802532,0.6413199506893794,Group B,1
0.5935959882859628,3643.8679806431205,451.47526104480045,0.3388206329850276,Group B,1
0.31185563586556164,6800.490415605267,622.827148729897,0.9766768276820339,Group A,1
0.8135399769116695,3552.4720703675057,370.9563013110138,0.23872621055340115,Group A,1
0.7039475833819986,9107.210264778754,510.38834179534484,0.573635079350179,Group B,1
0.40326096018964175,6537.828313867342,619.0327907673513,0.6052045533054017,Group A,1
0.8978373053783332,10603.948442138288,292.0774126239868,0.3452915059534214,Group A,1
0.29999418345240003,11017.69392334237,116.81325826874419,0.420814413752458,Group A,0
0.713586062628723,8892.515526969186,214.35021524353706,0.595692321329943,Group B,1
0.9654442826403549,3684.0072842571894,628.9311029142129,0.10523112090550224,Group B,1
0.035383987456104826,10735.70228870107,173.87289994502098,0.6799871005339602,Group A,1
0.7714527430140223,3537.0794466583866,397.5889139475106,0.9660414333659451,Group B,1
0.8623681656277755,2930.4349153846288,620.1379477927228,0.42854710509253324,Group B,0
0.9037060904643139,10764.682981234753,609.2134437252237,0.8981555338297916,Group A,0
0.0976806684121374,8976.506848966754,181.26471278813455,0.35083005970709535,Group B,0
0.17013762321893477,12900.454896241192,155.2715341276715,0.7148866465494625,Group B,1
0.8856379575368218,5494.170697498834,466.3405023121839,0.02038701740276716,Group B,1
0.23729552077205507,12743.188715664966,588.8364947262683,0.20053763421433513,Group A,1
0.052080685099629265,6840.801539184507,276.11179917039476,0.8365768743656163,Group A,0
0.18429054720633375,3664.2961148036115,112.45697389091816,0.6444800269216041,Group A,1
0.19415750319379987,12154.163933226908,622.2893575577474,0.8801930178011061,Group A,0
0.040930489944922765,7488.749784341602,134.5458668460028,0.48612306202885247,Group B,1
0.5933011941397461,10550.40373894038,455.4879343158244,0.9195740199778442,Group A,1
0.3828888323514734,10803.564587701618,239.72956889362308,0.6734601683383691,Group B,1
0.8956103635361607,13114.66878801825,548.8905459793139,0.5602134302582064,Group B,1
0.6221021544521181,11221.262605680426,276.76950824909505,0.10238874247904706,Group B,1
0.05734087897381668,5459.329640942926,207.11845913841847,0.7504934127541961,Group B,1
0.16680994726023934,9105.89643569542,101.56783704427318,0.8902822608383048,Group A,1
0.3590356577784358,4489.539411140751,624.7735036469886,0.4628005465097589,Group B,1
0.48480567576209654,5627.746506666805,177.38779397724238,0.441083891915413,Group B,1
0.9533978433070802,8049.193941200523,548.3293958900395,0.7094925840637194,Group B,0
0.9838191675809409,10753.660085245498,411.9818340479652,0.6782238444054527,Group B,1
0.8483129824969483,12369.88321716468,553.6650172647016,0.2612917206924851,Group B,1
0.7620604827810042,11727.461651999023,639.952620472916,0.49369345650626806,Group B,1
0.39353346883442564,11730.583776459078,634.8683828278572,0.6338430926611732,Group B,1
0.9687381393503154,8007.556028298758,156.35161071836941,0.19950838764903456,Group A,1
0.35360320566883785,4415.318585159108,200.27741747951558,0.03664655573808995,Group A,1
0.6783975912477456,9638.427116136672,583.3051606596312,0.07887388092226255,Group B,1
0.4894758913403565,6826.116115372133,189.8958384812275,0.5737407660213572,Group A,1
0.08309742184627678,10120.31551073607,286.91926813450453,0.273681250701441,Group A,1
0.3737884397661012,3024.982156840183,132.70250596702084,0.5417291990549042,Group A,1
0.9842151760285855,6301.518914355863,205.606181773907,0.8610611883086497,Group B,1
0.8730811787720577,11537.450768358749,628.0382545839458,0.45053577246616083,Group B,1
0.31071477619939647,10828.958619949837,529.3512401650696,0.14421400276639773,Group A,1
0.6852972507481138,9791.108617143855,254.19320613462625,0.2627591739017071,Group B,1
0.5636315821275701,9149.238437548855,366.7937708088714,0.729931320242711,Group A,1
0.7397220055923884,3894.2218816428694,334.08376822856957,0.7057408756384259,Group A,0
0.967903283156277,3193.022193612304,103.21318513034373,0.09438856200967038,Group A,1
0.9305241900711534,10914.025597959699,439.4801799140079,0.36908797879388333,Group A,1
0.38732910187626945,12348.215051653371,377.3782569777327,0.8073414724155934,Group B,1
0.9656029577614791,5990.207047774869,457.6098784320852,0.9756305964690459,Group A,0
0.2900528170665869,3821.2385226025986,457.8660473988657,0.3944030901070389,Group A,1
0.3202678881365252,3716.9096535310036,383.11505058523517,0.7919862598842347,Group A,1
0.32300908417703256,3517.0302315582658,220.0997798183949,0.21254145168261995,Group A,1
0.9307236189029117,4767.490953410915,172.42294778353073,0.3118403089232905,Group A,1
0.826534278050357,3777.0016889468125,599.1983771587797,0.583572139347964,Group A,1
0.7040553427450169,10094.786959211448,470.0020814467051,0.18414391172639044,Group B,1
0.5032815865450612,5355.143649738027,388.4669096035247,0.014164228477002605,Group B,1
0.0843639102792102,7020.856912476224,89.20659549981252,0.26506037550142647,Group B,1
0.0613834529384375,11432.836699642306,178.77561415103634,0.8421560958313156,Group A,1
0.6594296391333753,10177.73182133993,336.4784891660674,0.7919571199119559,Group B,1
0.22222736718037617,6680.376014131002,577.10091039552,0.6955567584334237,Group B,0
0.8655958404254275,9554.32823361639,575.9655367491882,0.1409772257082893,Group A,0
0.7205437674685627,4152.302931426564,99.9289977128991,0.1925387126160807,Group A,1
0.5206745766794629,10014.49041796166,491.1571560275928,0.2890776464245022,Group A,1
0.3615761772417603,5441.047116466861,235.2071598061515,0.6753042599074897,Group B,1
0.9001333356151324,11405.853475141661,339.838956361898,0.10129346624737068,Group A,1
0.5733179625250796,4372.916463842248,283.30123440062994,0.4550775767340637,Group B,1
0.3875924967875809,10010.525942133885,209.9792152566574,0.4217342049627508,Group A,1
0.9720903008016488,5433.019790012136,110.41026983332421,0.687715735479467,Group A,1
0.5144539554011726,5367.848435849135,385.2905200521457,0.5844208552385026,Group B,1
0.9658265175158507,7905.855652279713,535.5336495202815,0.8501702465958506,Group B,1
0.6235327646805265,4106.599424145101,352.3029558502267,0.431318109812455,Group B,1
0.13291526900184647,5468.296595843486,300.4693363272397,0.4724508920256101,Group B,1
0.8740592345491717,4806.515295831789,293.6822467853377,0.8575442798992681,Group A,1
0.34414972711418834,5070.084938468283,396.33133699551837,0.841115693248173,Group A,0
0.2933021763165192,8803.850039714067,151.37751609693703,0.8796802257511166,Group B,1
0.7274775595810765,12266.139100957229,432.541183018105,0.2410987052439697,Group B,1
0.004072383792470435,11184.704587661028,210.80197612716861,0.8008825300798446,Group B,1
0.8540361332334429,12669.6721647103,534.9597183099024,0.41520678702188896,Group A,1
0.736657707504775,8930.149034579554,216.93175988477813,0.4205136572995898,Group B,1
0.1973126913666271,3871.8803942362506,359.98279477200754,0.46821716783211276,Group B,0
0.7009625428537786,4922.891898997119,174.40783686186666,0.03352712668173019,Group A,1
0.2688848210043766,3494.023348729027,247.83795004987743,0.09221536166742961,Group A,1
0.9343915423164435,5575.722878883493,110.92311348464943,0.23400758062743698,Group A,0
0.8619974398045901,12253.476906452255,172.78178745918802,0.2679316243966806,Group A,1
0.6678688690374343,6997.338252924767,91.02450984022603,0.816113423104068,Group B,1
0.019976349023617224,10400.743369387714,553.2661113120396,0.3188575945005915,Group B,1
0.4995016619731951,5268.038470272021,293.8110013273953,0.8250800975256396,Group A,1
0.2874576377753798,9756.53890034839,414.9545864271054,0.19214831112210584,Group A,1
0.8708548125298367,8097.720739240991,365.93646153144664,0.3500840416525215,Group B,1
0.010682550345097797,10242.123782200093,263.48941444753154,0.5608268502858795,Group A,0
0.3038800934476128,7982.040395432175,184.2700762877875,0.5474548656015805,Group B,1
0.09291395478597664,4057.317417993971,208.28268244838733,0.050342911475612206,Group A,1
0.6148051015187219,11283.001123321783,223.7251830675403,0.8273833413378558,Group B,1
0.10924889673860338,4405.710215441122,573.9616952335421,0.03504181000135276,Group B,1
0.7364589721157822,4295.8595426533575,338.3303990205784,0.7106344075473688,Group B,1
0.12378566765015109,6742.56373495365,497.1748974530565,0.14445245118869787,Group B,1
0.8402956156681317,4681.410495847042,471.5971710983001,0.7138718311229022,Group A,1
0.12235507223845199,10027.929833471651,295.0734990388004,0.2501553626310866,Group A,1
0.9621920719775231,5791.759669515614,104.30366463439577,0.05336592583524902,Group A,1
0.6424290351027728,4305.831534535658,553.3285418426872,0.5151449681806047,Group B,1
0.634389080454355,10880.874245548432,465.6208670469346,0.7451386743585303,Group B,1
0.1187693395763707,10839.964235988988,640.6057288434994,0.21605046615124113,Group A,1
0.1281520326568607,9078.146124296425,390.4796917833715,0.7093216611977488,Group B,1
0.7177558353216918,4063.874307532813,587.5300366193932,0.20780467467710972,Group B,1
0.5027841261084997,3088.981272627782,135.01834621797238,0.3606224169235507,Group B,0
0.03226777327481212,7626.022386049974,585.0347193735507,0.751037277698463,Group B,0
0.697249577287317,5068.426069436345,254.86218214650165,0.43151614223193924,Group B,1
0.9734349654941036,8119.6735015578415,332.84018256246975,0.8944164182751319,Group B,1
0.7928144344660508,11981.535336918007,473.17576480238694,0.9649651845304443,Group A,1
0.8088841455927556,5152.516458394637,411.5171100955721,0.26779945416622597,Group B,1
0.6228085035859656,12571.424614392645,489.1935891873403,0.2669297377474107,Group B,1
0.7344347183553256,5372.245871544896,539.1970513202225,0.8386205261761682,Group A,1
0.03263457822496685,12660.919720058395,553.9046147909633,0.39765229906955557,Group B,1
0.11766577858824845,6625.5540870834175,589.5078367517805,0.33222819884338306,Group B,1
0.7008483581804962,4062.558627243075,657.0304589740479,0.5949235745271729,Group A,1
0.4344681399806657,11840.606557599722,302.10624548790145,0.691013332227248,Group A,1
0.03971745299087159,3720.130130579513,381.69414118369104,0.39021684204225937,Group A,0
0.1978039731113116,3921.1262641111916,193.1163762227028,0.3886747237277971,Group A,1
0.029300064758350786,6307.613975954318,313.6757326955093,0.6386125757663518,Group A,1
0.08693079046292651,11974.793708030282,572.7381784268603,0.9658832898431599,Group B,0
0.7224701036743072,10430.26029518582,114.03827482430259,0.2616658796888689,Group A,1
0.294465975567234,6516.399077013219,192.5440621125715,0.667158836679688,Group A,1
0.4164038142119847,8299.935146945347,649.2180964350508,0.5161340967069231,Group A,1
0.2910968488859055,9731.643674555355,638.966412063638,0.9942952994780323,Group B,1
0.7185737409484457,12646.31210580753,258.7481852887646,0.9462689402114675,Group B,1
0.823214964953226,12875.23476515067,157.421510755457,0.6678369139585077,Group B,1
0.7350845225730249,8967.169921875782,354.0012646177392,0.1808591715441209,Group A,1
0.5365807812138543,8106.2651132464325,526.7496959584703,0.4382426329564204,Group B,1
0.3845825795742839,10529.28577933718,469.8257035029409,0.2105619031982382,Group A,1
0.4681658732148575,10433.056779309994,357.3359198718195,0.1011103778430037,Group A,1
0.30562395646541074,2999.636643345228,147.00571605411716,0.4969577623275968,Group B,0
0.3567851889431818,8631.019404579369,335.958711138056,0.4028613549047918,Group A,1
0.06344903076277819,6057.183427993275,368.48791551948693,0.30135691464915926,Group B,1
0.9538071021990127,8866.526963423818,154.27884787434562,0.7904077247509144,Group A,1
0.7265862708430275,9385.114951816995,126.41915172014714,0.31991566424498064,Group A,1
0.23865458363183556,9071.636734185624,194.34433857910653,0.2950530328531227,Group A,1
0.5004607473765276,9585.16268123344,158.43519116449355,0.8953507822087915,Group B,1
0.8890106779312046,10541.810340255874,310.0194884487086,0.1837569894308798,Group A,1
0.02340030672609461,6125.980305900153,171.53003253386294,0.9941238770485988,Group A,1
0.25737898989692365,6455.34237363642,451.22435923357284,0.017014132568829887,Group A,1
0.31167424165887836,7347.572527742928,230.04351932516576,0.5223382142373518,Group A,1
0.9176156498142181,6602.235514778693,153.3066190583881,0.12177272191207433,Group B,1
0.0772584826309638,12943.165794521905,316.6198906983106,0.8746449582960979,Group A,1
0.9370695211659699,12072.583165409977,290.66976071018735,0.10726443152264542,Group A,1
0.19427985906078515,7638.1493147105375,474.51072506023695,0.7747156699491557,Group A,1
0.9854672917237732,2992.2410590957793,234.59469836014802,0.5283994394211221,Group B,1
0.4669374159428159,6491.757977132294,496.3027755641371,0.7157745921856825,Group B,1
0.480606103116885,9796.531452930372,415.33532556463683,0.13720573068962405,Group A,1
0.8178403449356642,11519.790647236501,465.007205934144,0.14658830041711102,Group B,1
0.6860594700853189,3511.2257246687655,644.357437348936,0.9966687738926464,Group B,1
0.4373463575269275,11001.892142237231,106.64572951483699,0.2030420929715374,Group B,1
0.7128786799264962,8148.176300730947,298.23893781570075,0.39565202813445444,Group A,1
0.14955150120821226,9318.33950691421,86.57001679064781,0.4432703931158559,Group B,1
0.13118996394995297,8803.069607506011,613.8514799156684,0.9329249728709119,Group A,1
0.8823276568135244,6613.184879081389,82.81047585848519,0.19971558888928553,Group A,0
0.6420764475128427,12671.025498889494,547.6434678047858,0.7704196630565225,Group A,1
0.20358061236091185,8494.394450887821,560.1180428938608,0.01995670902104807,Group A,1
0.0115624732906765,5713.325373382628,598.9359838125507,0.9726180164158097,Group B,0
0.6872924814593208,3535.4160019634614,632.4204732792034,0.6703287611944077,Group A,1
0.5617017794733093,10092.045371119311,91.73468687728,0.6256704465822198,Group B,1
0.9011034834154658,3371.809052212164,598.3628077490835,0.3007987475849666,Group A,0
0.35285117197205085,3401.2443208222458,116.44090997048073,0.3682816072772014,Group A,0
0.7404639656825328,4157.494321247925,622.8492305600128,0.683692906960208,Group A,0
0.14213701831631287,8563.220534532356,656.9123508321873,0.3677783885888014,Group A,1
0.16379407784193356,5482.17092322252,161.388533558358,0.1270698242749405,Group A,1
0.6303972887998601,3281.8769628281234,323.1425381148307,0.29146691628018295,Group B,1
0.8399643916718267,11249.300920379092,348.90728870713366,0.10819866312516457,Group A,1
0.690111528900239,4195.823327867574,539.0472759556076,0.9514983746352423,Group B,1
0.1815851328446595,7372.646711012704,515.3836112332217,0.23081972025227981,Group A,1
0.7053199269313571,7960.160387032661,129.8881337252979,0.14705224022152874,Group A,1
0.12296092166170847,11010.038070711984,283.79589528378847,0.4056047572020641,Group A,1
0.8247890581648258,4069.3660954323373,637.7817488382717,0.6344142070442326,Group A,1
0.9444557666038133,6844.111040270578,309.4345992599924,0.27087762192405807,Group B,1
0.15815065485998892,3631.5804765435223,377.2283773161904,0.46238549141750174,Group B,0
0.012304412873261339,5434.68781350751,443.07107586590433,0.14900513868690046,Group B,1
0.8373471654552557,8287.250108074983,477.7804145573593,0.21538788295099154,Group B,1
0.6912726709741727,6274.619979176121,374.12448403549945,0.5711064159458509,Group B,1
0.09501986512645644,11563.897109069298,411.86710453960376,0.6176320944755109,Group A,1
0.16290863677756728,6070.979705791942,219.77902790215904,0.25425789803525056,Group A,1
0.8390044404860025,8607.795940283486,388.9419108331007,0.2642764569893101,Group B,1
0.32424445780687483,7690.227231342749,148.0841176811616,0.9364826406124228,Group B,0
0.4777882939256568,8112.621485988801,169.38986441069594,0.03838390084691423,Group A,1
0.7361060709835032,3246.824815499829,540.43770727002,0.010051170391684572,Group A,0
0.8972070781189322,3094.411249513368,500.6502221014164,0.1789572983250829,Group A,0
0.4545186963996435,5338.87165349068,394.13763074193923,0.834342161945129,Group A,1
0.9605047953597966,8388.011578355716,549.4953376655853,0.05635649691790634,Group A,0
0.7299356549387616,4100.708612762772,269.6461642067295,0.815108337157035,Group A,1
0.07474037314514637,9084.559498428009,79.75821916473369,0.9793895455221636,Group A,1
0.07450525753516657,3084.526736420794,270.8432322441662,0.13469650310721903,Group A,1
0.5535706214344435,6107.887779908091,136.20011292903166,0.1244925116669654,Group B,1
0.4531002990850219,7897.02848553632,445.2237720214776,0.9275691863843988,Group A,1
0.16747572695743673,8545.17949821708,424.77295818836734,0.03485963204206177,Group B,1
0.4977131367261617,5132.411076385932,490.3867129603947,0.19432308957489375,Group B,1
0.19412357248035583,3317.3605383284657,610.4682730495153,0.7156845346495753,Group A,0
0.682224813580512,3177.5360796769355,128.28638672701402,0.5119158118078616,Group B,1
0.08726043247567139,5848.79640557872,338.4070504598437,0.25379276503827475,Group A,1
0.5334196977146353,6259.013816009554,460.0059572808819,0.5910650686206068,Group A,1
0.37638827642650685,11452.581380205085,476.37287020581283,0.46904658768589536,Group B,1
0.6196638560028253,5274.374129523935,405.38079779896907,0.9273191176983336,Group A,1
0.6089350061746395,11542.25249160986,350.09693407267184,0.905179508273407,Group A,1
0.3628721519113641,6811.632802055517,314.98789761504474,0.35540318025600615,Group B,1
0.893574791933085,7036.346656338298,582.4580489564158,0.27505178614766257,Group B,1
0.40245259543552925,8094.62855798705,581.9448271540027,0.6217133126809413,Group A,1
0.9265288729025886,12595.309804695073,302.1388228018752,0.9286511697824692,Group A,1
0.6735931398786661,12753.119038048546,284.92831271064824,0.2576418654065805,Group A,1
0.09580151292765393,11360.362098235497,577.4341313662113,0.7754292906674767,Group A,1
0.4463628858548364,12253.69861841812,88.25271122472451,0.9425465278291297,Group A,1
0.028634141907315502,5520.503460837124,386.12138318794734,0.36212904803514345,Group B,1
0.16449168237993406,12564.873739502118,221.08026324480775,0.8246002286039846,Group B,1
0.6645847878504282,11841.884542715316,572.0518734730995,0.83373078307803,Group B,1
0.8749461081326668,9831.597740095232,634.4761583905245,0.23787723018386697,Group B,1
0.36722123180028277,6899.35271401653,460.2186134635865,0.9612488547724384,Group A,1
0.4322965617740385,5082.301934230624,332.2385608934768,0.4470755458520188,Group B,1
0.7532078933595119,8541.745652269292,483.0825437042961,0.7569643348713194,Group B,1
0.8661267306396827,8997.84546077199,634.928091231829,0.2089279044989779,Group B,1
0.7856512152832933,10503.773270689859,661.3255103274911,0.5485830722229404,Group B,1
0.4557600791301233,9359.310020502206,524.3783883586199,0.02522341698972852,Group B,1
0.009982854087348447,4344.410112873868,341.9548304977109,0.8821354562717243,Group A,1
0.7989120897686761,3993.1963690167763,230.08140898317598,0.6337657202095972,Group B,1
0.9457590726669067,9902.299908157831,209.517560918185,0.3000322499830659,Group B,1
0.8332941719418443,4046.7896827307377,284.9086010696517,0.987836264642406,Group B,1
0.3735785472696602,7596.060212062073,335.18274301034,0.9468429089671521,Group B,1
0.9356654097319244,10199.753942604393,340.9362862277338,0.6079141948154534,Group A,0
0.26706787137330035,3433.7192284095613,123.4803031298129,0.8042872886673313,Group A,1
0.7511814786970309,10877.3260497185,537.728249622038,0.4818850404041465,Group B,1
0.09210637836098168,10664.421404952089,453.6317210633904,0.5169329249689032,Group B,1
0.6028519148054317,4450.802524860238,592.1992793579384,0.2674168220888691,Group B,0
0.5231966315610618,12018.44066258797,614.8145994798583,0.07413885409189558,Group B,1
0.3568471912493779,8228.99197546608,520.578833658064,0.32652433906945855,Group A,1
0.5158566474258762,7733.345017713821,497.40604488298425,0.6537780550419579,Group B,0
0.4672063364101873,5592.975051563504,110.21068759004562,0.847884446254704,Group B,0
0.04458369943666285,10757.54282501376,108.91247227452872,0.18409854561819794,Group A,0
0.3788683770569148,7026.665527262272,306.02727044906334,0.33314817673157215,Group B,1
0.35133696357422606,11019.14321726056,96.66106529624597,0.9546640649709559,Group A,1
0.03436552972794826,11439.982500460634,464.7646034861321,0.03739479647214283,Group A,1
0.4517528574650044,5856.153621534146,422.29144823391965,0.2311827780953798,Group A,0
0.9444986969252726,3456.175764917004,102.53261015067962,0.657772601700918,Group A,1
0.3997416419079959,12038.897660269515,342.90808598634385,0.45379300684602186,Group A,1
0.02581622847031262,11640.573927055157,444.6159823751411,0.20126693140722707,Group B,1
0.7131888069644331,5301.920532233163,281.43095077350665,0.43119314083553995,Group A,0
0.7820617768833777,11868.076716696129,544.5668218977313,0.1294421378484122,Group A,1
0.5044252213785532,9132.346648901854,172.8048602979963,0.49284461698529514,Group A,1
0.5865354455105508,12359.755284763196,476.44836496218045,0.8836974796889004,Group B,1
0.14215757441553423,4818.945711963881,120.40219646796993,0.0907167908534603,Group B,1
0.6691125820176749,12718.229111375142,148.47352519111993,0.6127404530133354,Group B,1
0.3400456852836714,10775.153609921854,105.08917387123711,0.7984813019091654,Group B,1
0.6785593040704525,11501.469282571086,140.5634208059938,0.9366808839155243,Group B,0
0.7620725319918074,8427.612452758687,625.0810828164133,0.06994216171055856,Group B,1
0.07822565398420955,10497.412129285185,640.7273550162345,0.6528974080895378,Group A,1
0.1971762870979592,8322.164685275053,407.03777039382464,0.25104809119806215,Group A,1
0.299363285730477,4696.063798407444,474.6160360596474,0.6570764409374177,Group B,1
0.549415703866929,8825.441198427801,294.04778555456096,0.5193772630464779,Group B,1
0.02580032406013033,12128.933660053717,219.6509328798829,0.4549525009597637,Group A,1
0.1879455809665237,5515.374366963109,472.2802523559158,0.14071747282519653,Group A,0
0.8464223096177089,10773.560355963513,599.9162553641196,0.5683766866337557,Group A,0
0.4049870172398411,5326.365263632679,649.5352768922609,0.5598822977209108,Group B,0
0.02169916313861764,3340.320532349648,171.88728560073793,0.003249025363019853,Group B,1
0.5620641070167335,7138.734674900523,253.6771987467453,0.25858684311838975,Group A,1
0.13207622687258747,6857.652213352069,332.12023244992963,0.4844813271103988,Group B,1
0.6258282770670571,8032.121566124479,463.11288632499407,0.4577795101319394,Group A,1
0.7252750826835647,5970.101126051062,333.0994844266627,0.1250114744567571,Group B,1
0.6101937387023292,4926.93184419734,630.6949880067282,0.9921383010279906,Group A,1
0.4123347516612751,8395.224444993211,114.77400474588006,0.9999995401005091,Group A,1
0.050033133588010426,7294.096779819916,187.62778823461707,0.022623842210180545,Group A,1
0.7748643515277535,12668.962423451056,277.2998996642217,0.550086417374141,Group A,1
0.5182062638542693,11834.051019182534,197.03740939784532,0.06779530427920966,Group A,1
0.2566693313085039,11008.885108427794,352.7289292700413,0.7103748545888656,Group B,1
0.5327871533642863,3517.6223989734754,118.9013713122704,0.5965538479107401,Group B,1
0.8140299841887472,4577.920795725031,398.0800662706145,0.31529633363042875,Group A,1
0.8103822487015013,10286.836242787922,248.78125232938066,0.7220868152592612,Group B,1
0.7957197953511892,5785.807376516725,366.030895717831,0.5846711414790112,Group B,1
0.10532733814572748,9618.957748119723,550.1114726226458,0.14041590741845578,Group B,1
0.5675540824273222,6382.019543497527,262.18468172660084,0.6245004866503365,Group A,1
0.933935354174214,9271.092541880815,426.4324707497002,0.8683255862774639,Group B,1
0.10302802838359792,5921.001804840897,207.1349948953576,0.7296640962787252,Group B,1
0.30749568542836747,10190.424756102477,227.4213072710047,0.9081387349391601,Group A,1
0.5457340449514774,3198.852483605176,655.8668961712725,0.3588467128316437,Group A,0
0.3294793797350133,11828.95174073056,132.49699418214925,0.5869272336620661,Group B,0
0.772852822909462,9343.61327147349,308.04783057313705,0.9627558810655498,Group B,1
0.9499431806926195,6467.656811933608,157.4012726294668,0.15132569772141213,Group B,1
0.5030576634552981,8105.650743180523,560.2557270450454,0.5809427322536702,Group B,1
0.3863724560955887,10228.368721308067,402.4526485203179,0.38266233276564043,Group B,1
0.9166067782856484,7001.866341498496,546.2988349313773,0.7571232404575979,Group A,1
0.49118033170343156,8254.433129753375,555.9803751803502,0.7512679360614772,Group B,1
0.15418509043520956,10850.357690596215,568.6099161274531,0.2696632060274974,Group B,1
0.3816343440432354,11452.420216969234,631.7398772963103,0.4385967793753841,Group A,1
0.916582253309493,4732.860212088635,328.2426425018609,0.7349243237588562,Group A,1
0.8759263556752971,5606.920519205654,486.7074835635842,0.9981373455008433,Group A,0
0.08820814196338667,12596.209412868306,537.1842756997862,0.5053214146846051,Group B,1
0.7275320229127406,8805.476585786892,485.4039879110042,0.6611725770350144,Group B,1
0.6680470667317798,9297.721913000112,420.3699753874241,0.8324533206620133,Group A,1
0.10804128842382432,7195.776460312558,457.6133138257059,0.347211678606853,Group B,1
0.2689646897084109,7306.472622706484,257.9962448141521,0.559515024828686,Group B,1
0.6808329304447021,5299.937709107572,360.8792147574186,0.6239909794658335,Group A,1
0.3222518593588658,5360.862629557354,346.840347617942,0.008707887186047425,Group A,1
0.8877976150047181,3556.383175271717,654.0544552272385,0.994036226511799,Group A,1
0.21383898077170005,2974.0497513328232,375.05160892644636,0.3124279132758401,Group A,1
0.6760633421879519,5580.8991359769925,93.80534395688626,0.6383886139661569,Group B,0
0.911350812063524,7210.939427573742,194.97010507077118,0.9095091844193544,Group B,0
0.3949635111286369,9725.501555722854,568.6068082337467,0.5355967670123196,Group A,1
0.3262960852293203,3026.7008218081087,343.9989359207588,0.9546675521170683,Group A,1
0.39374982123373015,11381.474245742878,123.96326801169016,0.7243624749838292,Group A,0
0.6001718865002417,11808.290582871045,310.55103955654045,0.7708836089296595,Group B,1
0.9701797629883941,8464.248039525959,142.46760825760617,0.1567434850349516,Group B,1
0.4362974769888126,11287.954020535497,96.13750997857969,0.9511495560056428,Group A,1
0.25057750956770386,4267.044821724667,444.78589646802004,0.5672063188123571,Group A,0
0.8262516077090284,7728.520526824855,159.56071135554993,0.5660675373609645,Group B,1
0.7637915616030886,3322.522905934634,552.3429828898087,0.21050774155252427,Group B,0
0.40137181855514026,10620.570715001433,206.8633346328401,0.4904486982951626,Group A,1
0.09648782126353161,5257.105639287014,638.5414815044157,0.9541645068644656,Group B,1
0.557192548621694,9900.444634918187,97.79063210321175,0.15876974252656106,Group A,1
0.13367419365505118,4227.299500218784,451.4975154213795,0.5362328974611794,Group B,1
0.5670683022033818,8492.989126706721,305.94269522912555,0.031274942600960864,Group A,1
0.692516055843199,8714.374106378164,401.3239959736959,0.06511126373391829,Group B,1
0.7857461212099949,4612.657489461729,559.3076064472285,0.5772145743824225,Group A,1
0.7641428756349167,8751.325514992683,127.75994351144597,0.9446523979364442,Group A,1
0.4773548991086015,9029.425941790416,147.9657730368409,0.8802618471695423,Group A,1
0.8460480013635083,12539.760750058522,478.45764201330644,0.8736652625139361,Group A,1
0.3482506577895734,11758.240683065842,455.79957384127874,0.6227496232107934,Group B,1
0.6369015815736898,11952.426005978105,509.1987201248955,0.9582518033957931,Group A,1
0.7481134897334728,10730.417240915984,335.43787215873334,0.37056723307814665,Group B,1
0.4227045500260349,6633.3179411576475,476.2822650058504,0.13892908721762476,Group B,1
0.2603002738442418,7855.944477972722,644.8988318539286,0.5516124703122356,Group A,1
0.09304857018831458,9579.343296853946,171.2819125943556,0.11454035619269487,Group A,1
0.22696168027570118,3605.5610847992325,156.6986091872397,0.8011712693741958,Group B,1
0.7860716406605783,8873.170927482523,329.51076950998083,0.8323623739611019,Group A,1
0.6735547866851246,9598.80414987099,462.9324535349034,0.541844795823414,Group A,1
0.904971179085382,12601.970134177678,392.88375115242513,0.9148584093807114,Group A,1
0.13589882924817864,8052.899490880759,426.84177215858455,0.5458932294676407,Group A,1
0.22160664190366186,7971.546605274728,519.7470984716001,0.08730487317428781,Group B,1
0.5410618527583395,4826.867710232347,277.3867601281995,0.3371311937293944,Group B,1
0.5485738939501812,3749.2745385509247,95.93392166093788,0.0538480869374377,Group B,1
0.16548091710979274,10216.755768681229,446.01853996217733,0.5927742128456702,Group B,0
0.06370838197265616,11337.908600986542,369.2584023317461,0.9808631250140418,Group A,1
0.42658128427051334,6982.430475038049,230.26086571977095,0.511762165387219,Group B,1
0.05858397709474428,10080.492137089637,298.91380481579404,0.6391598944737303,Group A,1
0.3208868368472433,8664.193680081822,440.3988898557178,0.7664178795148104,Group B,1
0.8761194677095435,5198.406996837684,365.3963938952745,0.6496317333424344,Group A,1
0.5340662297006002,3974.9697186825924,493.19090932725567,0.9080615923055156,Group A,1
0.753516483028823,9454.12244484205,538.3647735386389,0.40668648380941064,Group A,1
0.9456945793126653,7916.7181205370525,97.95879370008143,0.5373727894570033,Group A,1
0.5239989082930235,6269.679262807582,338.9858964315956,0.6971945949395908,Group A,1
0.6460448765557493,4846.208127991518,394.3821178904402,0.2470339614522561,Group B,1
0.5405612597357722,8623.767458009552,127.54128749002342,0.5080470847952664,Group A,1
0.887996917457061,9427.383326199764,345.2370359373344,0.02484893533198662,Group A,0
0.5776932424601204,4757.084134458691,470.64516272664,0.6789517246023241,Group A,1
0.5939933494666014,10391.339935191187,552.6838143254226,0.7094074401602564,Group A,1
0.038612367665730174,12249.097255916024,146.56896604445518,0.7521826204549584,Group B,0
0.20904354767800537,12235.260205634819,189.85224809407737,0.29352440574191885,Group A,1
0.5760394990289539,5203.915071519376,210.9217277169833,0.9442964169518371,Group A,1
0.6473042503204867,12256.100740177226,554.9270682225588,0.5740613123494595,Group A,1
0.5332914788389123,12080.69316726841,311.6413419174016,0.4536742592299079,Group B,1
0.7801173592848428,5622.409061453209,351.19945527590767,0.3944587553805865,Group B,1
0.7171573709139998,5634.985224807957,332.1602935977694,0.5132420225617474,Group B,1
0.12771320705029066,10422.97982484849,455.3820737032224,0.747513980861733,Group A,1
0.40224200777855457,13112.383558541527,448.81997127501404,0.3792881811092833,Group A,0
0.041554543882112105,9074.285167785163,554.5773630067958,0.3083770787647572,Group B,1
0.6015868959911508,7657.394659562017,543.0378324456159,0.33106240240229845,Group B,1
0.9300690833894085,5814.84259428441,544.0326706081971,0.6926653460092075,Group B,1
0.8415123009524359,9539.465719203665,433.83567720213375,0.635072858611625,Group A,1
0.2709013196098895,8222.411141793398,602.7662208161422,0.8970349605592276,Group B,0
0.1310640430530593,5744.928800909813,389.5576720730753,0.6829722656562652,Group B,1
0.777168665887505,10451.916250051429,299.05875896334476,0.6397995221677644,Group A,1
0.40022605407566525,12590.726915720741,324.40332597908935,0.9011268555647215,Group B,0
0.9215744725875618,8457.681025828268,383.4777020677368,0.8775912307134636,Group B,0
0.6130919029850572,12048.05213527851,123.05984478458626,0.030946732535935828,Group B,1
0.472193220028433,8570.474780797787,194.43942447801015,0.07199577171366833,Group A,1
0.3653210111988604,6460.991965817033,473.588081692836,0.9767631106573181,Group B,1
0.1748903307645303,9813.400617174822,391.49484979639413,0.04154946081405342,Group B,1
0.11122034325531316,7511.249358663791,283.1225552366037,0.2630141453318413,Group B,0
0.7726959850194351,12379.449106477205,463.10004091011655,0.3021879046689242,Group A,0
0.2322844178747755,10946.900859967589,537.3976050548441,0.6627677650345164,Group A,1
0.9875917681778689,4007.3390161210646,112.59204685087488,0.23920270777131947,Group B,1
0.21098947457685668,3268.5892591898055,358.1128409086075,0.7800953645638006,Group A,1
0.07548845524486247,9326.738229688095,475.835972276107,0.42987521404567286,Group A,0
0.28161657835373377,7955.0838260541705,218.38799113828816,0.11672733127021728,Group A,1
0.9385587533959048,6455.884595439533,252.6756610561645,0.07276709221005706,Group A,1
0.14834617742379053,6348.396672962355,120.90182660342245,0.5309791721178334,Group A,1
0.14118834667984292,3064.6058105642346,298.3344127418561,0.15130572506443196,Group A,1
0.6397775679396547,12750.637453338968,514.8128519247396,0.9238910561118526,Group B,1
0.6709814403847261,4279.197325321709,573.642680353355,0.4661977747220858,Group B,1
0.4319309592202989,3643.106974427833,107.32871517856282,0.7611536219124931,Group B,1
0.9391595518011693,3610.0856497829554,655.8680994256167,0.9391337929611316,Group A,1
0.5258345211924281,9901.831597780216,113.60553108281891,0.48187651767233797,Group B,1
0.8099803647693722,7530.5472960798115,109.07977395691296,0.5037841426834487,Group A,1
0.8395960813047031,3022.2725055536025,194.4864782087883,0.2703067941960493,Group B,1
0.1361107271609886,10050.706719186703,301.0543815903826,0.8944019677266843,Group B,0
0.23156506865963455,12938.385630121222,304.31263243838004,0.3004061958309021,Group B,1
0.8254365505489648,10651.824788788947,398.93593342551526,0.8791569376685248,Group A,1
0.01057400044689416,7906.882901217252,161.71466633746024,0.9189826522732807,Group B,1
0.5678085877808523,4666.20019772677,200.287008905856,0.7403896847872837,Group B,1
0.04167276963471278,8267.782869474311,127.17757670474276,0.8789176048306856,Group B,1
0.7891695012832433,10279.353662727757,500.18834724351035,0.5689794259698177,Group B,0
0.690674919701793,8907.5696099378,109.99628351457682,0.6182293283969562,Group B,1
0.8719898803413612,5064.4512572168915,520.8368901990752,0.7976822631176491,Group A,1
0.4880256195955269,11485.162969930248,492.722694324461,0.16547791657195265,Group B,1
0.3384825767799806,9876.63913589399,325.33026483480813,0.8921602162166018,Group B,1
0.9509921915061027,5340.070877028681,467.43679978383744,0.9025480376700186,Group A,1
0.4493489207573368,11807.799969956017,438.7585615855659,0.08770719840857821,Group A,0
0.6641823961172032,4625.450437293921,178.58577247292715,0.6699805376955515,Group A,1
0.2520571991998344,5673.5013840342735,544.7869711953863,0.2048123198301044,Group B,1
0.188073713740179,6341.081441907682,109.21329260723068,0.6875147131622775,Group A,0
0.9664944094598528,8203.370269912051,178.56496546748855,0.15554023185063137,Group A,1
0.328159572582549,4565.074821512564,346.70108480977683,0.49089365823961495,Group A,1
0.7630099084882844,2935.5300442402813,555.5738339191496,0.9940796125132056,Group B,1
0.5599932698868602,6843.956908792466,414.22956086762116,0.7930401429657686,Group A,1
0.6237932397364738,11530.051757970428,467.4853520000278,0.18890480461008652,Group A,0
0.6736996951479965,11098.20255441453,606.8973448976429,0.49470292502069935,Group A,1
0.4370186394190718,6298.827010718844,536.4675337061356,0.756426865009624,Group B,1
0.6170535932656828,11377.344968219475,242.38975261780254,0.2642699327789434,Group A,0
0.20645688387082806,8940.457377196937,224.1114232978407,0.28937058845237507,Group A,1
0.5921393673380707,5088.795442393979,176.59605305907405,0.6790808379399266,Group B,0
0.026223349254548722,5041.993962154864,163.3324836054254,0.5944432808056863,Group B,1
0.5640255183463129,4608.865267118226,614.1789823015102,0.06212723166443779,Group A,0
0.23265378202347498,5023.172237699274,242.80952577986253,0.6133623683119196,Group B,0
0.5806312210780109,11329.355203066785,545.3038580859582,0.9810752641519538,Group B,1
0.8100706249171711,3969.6644223862013,95.39568537593425,0.1031002577686485,Group A,1
0.5731776467356794,11469.92083662908,484.1770552665596,0.6971259264160621,Group B,1
0.268980896620583,3376.5183198424184,650.6032903436704,0.49731977704534025,Group A,0
0.9941691682542515,10094.570494866297,198.68064376022443,0.4694006623946282,Group B,1
0.8629195628009247,9446.411479101793,595.2405011419905,0.3833705045187298,Group B,1
0.8254897255600324,8599.252728035966,508.07303754274625,0.6259005745806603,Group B,1
0.7662666120637918,10207.65133391747,438.94784469870336,0.6278552747207884,Group A,1
0.6278093180118168,10098.476652652396,285.00735975615294,0.8161026439732046,Group B,1
0.36612771851850645,4144.094286608407,501.70638684397505,0.8536803975126042,Group A,1
0.5380684832665596,5053.77299418264,306.98619617621347,0.41609554062215337,Group B,1
0.22199783531837347,8898.176791607311,604.9345160833057,0.25649872518776173,Group B,0
0.9082627933745449,4280.021956601493,377.0079524622502,0.02825877615417749,Group B,1
0.7436788130145361,6021.8894170834865,603.379477542009,0.45773001070064523,Group A,1
0.010462466815187033,7030.543341646582,656.0197471662957,0.6826410727115549,Group B,1
0.3145270525048395,7699.441409655471,343.2611149507949,0.9893840988021179,Group A,1
0.9942172498072959,5153.671520091379,118.8460708789627,0.4355448232380671,Group B,1
0.25285314654676516,11417.499763194472,625.5468922847689,0.9212278589854076,Group A,0
0.44415699005308906,10435.211762091178,148.47286410036776,0.9799775631562396,Group B,1
0.26782557835920695,7595.241435528922,262.7326217590622,0.15756554691019553,Group A,1
0.98923953266793,9745.41763259328,390.3040441931023,0.7784597712288575,Group B,0
0.9255493657293948,7494.092346358822,235.4821000334683,0.31483381379108355,Group A,1
0.7465247505448526,11343.807099688973,214.66268865590175,0.5849022679088592,Group B,1
0.9152085317598351,6649.560505013672,142.33285408597848,0.21017236413620644,Group B,1
0.3637319895922806,4935.635974590537,172.68524784126953,0.8273988487989863,Group A,1
0.46129256685330655,12574.511208723521,264.5516317653469,0.1454410700673724,Group A,1
0.8141210246090214,3830.9450841552634,141.77155696811354,0.7733740192352427,Group B,0
0.586063082831375,6772.954642885976,582.4692586704119,0.4126803463937506,Group A,1
0.4716993424837277,12666.982528268396,270.6547318922327,0.6617499093025137,Group B,1
0.8448172672414163,10504.190167156275,94.2824342824529,0.616857191148074,Group A,1
0.4498308433961682,4521.1906563602015,501.99253491903494,0.05712164563122135,Group A,1
0.8934224055860558,12622.296800207803,111.48427829427146,0.3039737665034842,Group A,1
0.34876663918695117,10983.20511287483,612.961575232252,0.5377711284137253,Group A,0
0.2134412274836821,3541.7708563384876,388.61654242399874,0.8430402787831526,Group A,1
0.0904177526360741,7031.850698794332,115.09758401220213,0.9678902564227914,Group B,1
0.1667731402233451,12707.636759088804,486.5230510483061,0.8349031930998552,Group B,1
0.6390042966041848,8526.469249382866,244.61369568624258,0.7634527183507284,Group A,1
0.021870392729927968,12066.345308146605,506.9674240677842,0.4731749600450056,Group A,1
0.37998449659156297,3694.864659275358,445.5085915361242,0.9058460172855992,Group A,1
0.8716568612721781,12436.994728704056,585.3899665109225,0.3109906515363283,Group B,1
0.9199787230753907,12863.524953227874,490.83908085697925,0.9304265685591346,Group B,1
0.6087660492995893,10088.531592819136,125.53942388325092,0.048710524233357644,Group B,1
0.39846797598961914,10238.64432862858,216.02365523768498,0.4849097072906867,Group B,1
0.36158843899829296,4902.119066298934,298.4496712431306,0.30373572573034346,Group B,1
0.6963301932435381,10820.546770463505,605.0280064496935,0.19668872970236828,Group B,0
0.3832922330334042,2974.7640921939205,148.89575810406865,0.4938579680199281,Group A,1
0.7970820198884592,5370.706513334697,563.1681993563274,0.563306135921183,Group B,1
0.5741658947672704,4367.340913510932,424.37602172230874,0.32842115566551,Group A,1
0.9664053613912779,3415.5556855729815,353.63976335769496,0.9654490212364026,Group B,1
0.6938057603309766,6981.2832080649605,614.7034937679398,0.951791723174886,Group A,1
0.17571101433560143,9713.00975016542,151.54584625266793,0.41877988958755563,Group B,0
0.4454861675021512,5420.739723835437,613.0777183174025,0.20605592735692735,Group B,0
0.5061385702846437,4921.692028405679,217.54832717915434,0.7954481843081139,Group B,1
0.6289421546694536,5528.439309901045,620.4607877320908,0.07479152116179277,Group A,0
0.28534988920488824,8747.967726851115,494.6522782001493,0.4949412479392844,Group A,1
0.4145390116527691,4745.387169903988,292.16190710069486,0.8580719469155929,Group B,1
0.6826567216552039,2992.0391490653888,223.41366174123308,0.7971304057352776,Group A,1
0.7678642732625355,8102.435605887177,427.3345743341636,0.2077398811495056,Group A,1
0.5695076660252091,7428.917187294345,568.9585372987233,0.6309221547843562,Group A,1
0.9199154699945317,10360.00494576298,134.33597964793483,0.9779359208351855,Group B,1
0.8136994185453261,4984.605847680561,572.3417430671483,0.8433726674149362,Group B,1
0.3711555861413611,6149.050941106117,629.7118332734764,0.35999547128297016,Group B,1
0.5610191009017297,8297.534553635132,387.90844196154796,0.9086186018012444,Group B,1
0.3534015100587029,12140.734348269692,257.1651840653018,0.12197452073927328,Group B,1
0.07384108740690676,7843.127953775026,197.33765357824905,0.7534263831074544,Group A,1
0.7908824709844547,4851.571300635487,623.1918588305392,0.015413907669952098,Group B,0
0.8466764846348559,11231.49716465088,88.35469338283869,0.3518211429082624,Group A,1
0.4238995052966794,4593.146157065058,305.9717614281029,0.15620806061388948,Group A,0
0.8543610495836147,9303.262812640143,597.6207207444753,0.19791327279226267,Group B,1
0.43068991201598805,7625.23084324934,552.7633574794063,0.20783821108734057,Group A,1
0.8388596774485247,11869.87308637458,195.43646044683547,0.2936843390444762,Group A,0
0.3904815270581342,5994.655401682153,405.53139864760965,0.9169129845082035,Group B,1
0.20198325994345434,12568.219697543818,399.6739233678035,0.4906486362704018,Group B,1
0.7276959830668087,10609.976890001199,575.3214892743966,0.16959052910697792,Group B,1
0.7067036320392202,6760.865340800792,96.36448782840066,0.01387202694239631,Group B,1
0.22531259483173283,12317.882548446547,544.6913269676738,0.16382051539144726,Group B,1
0.6069571695477105,8494.141578923987,116.8710969351148,0.24491554147736527,Group A,1
0.2750965721969716,3077.9845014285343,578.162656619597,0.8223297975339633,Group A,1
0.433038933217461,6897.850775817943,508.8253779704005,0.15514756384700212,Group A,1
0.11929909662896532,12215.10235735462,454.36625053968464,0.25121627006419145,Group A,1
0.7397023148471349,3321.757315462976,292.5031555217592,0.4762231171432747,Group A,1
0.4497861250278621,6971.867646365312,249.24882160433674,0.9809789928921052,Group B,1
0.5580940143870896,4115.179119702439,380.43148330015697,0.8752249484238405,Group B,1
0.29151166517858274,8264.217500579369,544.9342122549342,0.8781203511371,Group A,1
0.8409608379060645,5872.307918013985,143.8889653703191,0.6689815938849385,Group A,1
0.10288124376726038,10128.117179942892,142.7743878034787,0.7560694467368002,Group B,1
0.9044547058194042,6075.850477860193,352.4764405737187,0.6016366315122261,Group B,0
0.9383714082245959,9639.420231969232,205.77930085089696,0.5127488322166674,Group B,1
0.17873161419019967,13062.513557174518,214.03785047110068,0.5400092235748152,Group A,1
0.4857546241309566,9263.601294176087,384.27301591661916,0.7555220645077176,Group A,1
0.30541595140369393,12091.232316081007,643.797092897497,0.45646209156688256,Group A,1
0.42771850181913906,7794.779552604655,549.1625571260115,0.6536700756706834,Group B,1
0.2727626136460455,4431.378780473107,220.89180598111196,0.7997623565010618,Group A,1
0.19820420564555374,3012.8791902683356,252.47623322753438,0.8298333326933964,Group A,1
0.8656953219138609,5464.792797272779,399.8592030582591,0.4099698706407675,Group A,1
0.07171962642103591,7547.356950184296,305.6588844670117,0.07930756212661383,Group B,1
0.17665295185505836,4543.7803842370395,398.2856805806499,0.5216278566793374,Group A,1
0.5091702092308311,7758.114796625461,397.7891227651318,0.05753666448163097,Group B,1
0.9062342345488212,11505.316434251175,514.3059392791429,0.02268962639944838,Group A,0
0.9842867914341963,8291.970160868888,447.6817728924691,0.446830358065885,Group A,1
0.44642898204668424,7639.65762947122,201.35088470638857,0.8216010567925234,Group A,1
0.8240345294745446,8782.860793798258,660.2714365122247,0.03898710415793982,Group B,1
0.7533070670254169,5594.543950886984,660.9199570608134,0.4164267855535698,Group B,1
0.3054843189069155,12806.88288097798,180.3822056950253,0.4113693978898335,Group B,1
0.8912562550546878,12460.378421017404,458.9151406453362,0.48909545902148843,Group B,1
0.5680100172078884,6513.341039035307,200.41885693502553,0.7569790004525193,Group A,1
0.6863465346785095,6907.847856987828,119.08552774281172,0.2776065719245753,Group B,1
0.9219035465647543,8255.76045167024,409.0460168534915,0.1798590650479166,Group A,0
0.2988177720747438,6326.327886209697,123.58350261787953,0.20287990816593893,Group B,1
0.23183456876189523,6328.068571195277,186.20811416907932,0.028312726154822276,Group A,1
0.7736864912193883,9728.059292750704,602.6136543104109,0.4678158796734838,Group B,1
0.24734877473170003,8455.309336656805,135.9171792675737,0.9804203603217858,Group A,1
0.8302857821293242,4555.702837751744,290.875112996899,0.5364771156740078,Group B,0
0.7157643398568174,3567.2175832149796,114.23421098173641,0.3177736548001533,Group B,1
0.8941256956283664,3202.476862260756,252.50478740496706,0.9125090354290055,Group A,1
0.6343017917635725,12367.832343080576,94.56530351471535,0.6436599716335393,Group B,1
0.22853335913727035,5643.572432566918,175.04014077911995,0.6349689130540408,Group A,1
0.9205372611593654,11986.307240509885,299.5423874408336,0.31494965703169453,Group A,1
0.1476478550250898,4318.302711638993,160.7352930550823,0.639102593672415,Group B,1
0.9463432901927459,6134.780601954488,560.1511899589418,0.3407923778657036,Group A,0
0.5426972743221309,11466.286658138557,283.9355672908955,0.26712554750075845,Group A,1
0.025400852223662507,4288.197966502869,128.04899467273407,0.37988819331714907,Group B,1
0.2738493495173622,11186.683183325047,438.4622698201378,0.46545409466496324,Group A,1
0.022982614811604685,10319.653101495047,285.9313781778653,0.8556831441119105,Group A,1
0.9799841994265535,10410.189609064988,285.5128075598035,0.7960172247218275,Group B,1
0.6749123001743615,11892.887562998741,599.3948963287935,0.855418904757121,Group B,1
0.03286398303330296,4198.5169938053605,408.3161682359105,0.05405678564744287,Group B,0
0.45442182263198816,12458.238004068979,522.7759607472766,0.23641677831412566,Group A,1
0.2062637535623164,12987.023781570044,209.8862992662281,0.633806347886373,Group A,1
0.6832177864634713,7204.250492912689,325.4205319172735,0.017309363114630272,Group A,1
0.10722272544631917,13145.387472701317,628.6380644273412,0.7963190266184741,Group A,1
0.03182542879461614,10098.75406511212,356.3923131393195,0.42697049129774256,Group B,0
0.6890419799946903,8831.021822257211,153.6095581880009,0.6443559515118522,Group A,1
0.5960804339568365,12928.360634312641,565.1331370271585,0.23500376836330306,Group B,1
0.4861498404176634,11402.765119787566,589.0372099902379,0.3521123975257574,Group B,1
0.7444306478777756,13006.436750736826,211.3038619098221,0.7890853432712579,Group A,0
0.22908340658092197,12059.266977048157,345.6601750942529,0.530486581643051,Group A,1
0.8615827133300588,12795.644212488542,378.2764359757449,0.3226929843832822,Group B,1
0.7613580094060683,3857.4374691926073,448.98547176279436,0.8988199682778357,Group B,0
0.2739362150695648,12707.648786858763,642.9396669478891,0.2756992753147003,Group B,1
0.2970644930464226,12021.567452985737,635.6952956212072,0.8629387505580246,Group B,1
0.17574957303793337,10446.407821467643,618.5951974706051,0.4812779579170683,Group A,1
0.7702881922462349,12508.268702512516,640.6399056693667,0.37293039889113777,Group B,1
0.5405860663990087,5298.206840766323,154.9285113288471,0.6997789382927161,Group A,1
0.4465288062982026,12293.250185690773,377.8189295003547,0.5885424993644691,Group B,0
0.3074192876830958,7004.791779603804,537.5595324487683,0.6615979208286044,Group A,0
0.3916205735979459,10119.331756828578,198.27496537566537,0.40007848036512206,Group B,1
0.8390059545481638,4495.297237694647,603.1617902988976,0.7182540689443786,Group B,1
0.9772886448073733,10166.260989828495,171.9474515057508,0.8358552306515855,Group B,1
0.5647490712121765,8153.561169028005,176.1222859860838,0.15986619626304832,Group A,0
0.8575742574444678,4042.267118562233,199.09672816877924,0.9660661682983614,Group A,1
0.2228494307805221,3723.7906783093827,133.88678529352435,0.7599673877963468,Group A,0
0.7508626374407446,9311.91527245206,486.35903281628555,0.03042339386410975,Group B,1
0.755753742069214,12179.056137275154,509.1684274504058,0.08012971300849026,Group B,0
0.8247391752097895,11774.189199602186,343.6041608067758,0.18606645472616556,Group A,1
0.238864044289272,9031.62902180245,285.895995063464,0.8477695759677958,Group A,1
0.006446392183866223,2935.6369989282002,364.81728967507746,0.9698928900342926,Group B,1
0.34796408845123394,12362.840488759859,499.060162631964,0.02014034800131581,Group B,1
0.10703570143133945,6531.269696106116,429.5897085335741,0.29231986815560107,Group B,1
0.5541027538117435,10702.22188099229,259.69538847954914,0.6277339717121699,Group B,1
0.8223489619742884,7251.405231493851,379.47988617869294,0.9301080581527476,Group B,1
0.4837442868199121,10725.40973294706,274.3739587487536,0.24633242616287165,Group A,1
0.3051780426875189,11982.66682787627,150.06356767567686,0.8133179888690464,Group A,1
0.7745450614943953,9854.3413296191,491.90176545100144,0.3093320604594091,Group A,1
0.7107397909738555,6188.3689778156295,152.5179435491808,0.5536707163376586,Group B,1
0.4129856766325457,10932.784422966699,204.1526954361555,0.3534488172719842,Group A,1
0.016879095596705418,10817.964560917808,622.5300002874217,0.39962178475215093,Group A,1
0.40045306828159954,3320.1985939893884,354.40446618017927,0.46530424458338593,Group A,1
0.5777421196966355,11692.34753863867,380.0863537066289,0.6752761950195889,Group A,1
0.7507291170004761,6603.451786462336,332.38170323195544,0.04641713736211772,Group A,1
0.9092686353045889,3655.1627790186294,241.35212763177097,0.5513390205365886,Group B,1
0.02176078742938259,5791.420628240285,371.0536468532867,0.06416732384634483,Group A,0
0.7059121768318608,7450.97515854689,448.6510131845258,0.38019602476406944,Group B,1
0.008424338249771957,7844.995962080679,361.8906518028668,0.24906018007351605,Group B,1
0.8211466210094281,6469.523983929252,138.35026607048707,0.9057555117446152,Group A,0
0.9072166942601276,4977.436447659093,649.483663313761,0.37216529134608656,Group A,1
0.5794817117515685,10224.00944458469,114.4433704324337,0.9906585012575739,Group B,1
0.13963055772862176,12773.220315098704,500.0841392150194,0.9047444988515753,Group B,1
0.2547175803124059,5916.374784638774,254.3041789867695,0.03167503601270705,Group A,1
0.7005265690528905,5942.429535208647,222.5152761172002,0.9306393847930027,Group B,1
0.7624018728900435,8668.206799722997,465.0748797727752,0.6576863742293282,Group A,1
0.5127073672249165,8486.3865598256,209.76951244283345,0.2994393549702571,Group B,1
0.772026280010779,4116.775828761075,567.2675823174443,0.7051236016032676,Group B,1
0.3219136367097605,13121.180467431532,491.38765575432046,0.2904012399335718,Group B,1
0.6994231468923886,12384.833246878201,625.1087481395247,0.05042567370722939,Group A,1
0.2520984767550787,8568.186414801712,87.29592252075179,0.9767456400155391,Group A,1
0.9455368503863296,11935.372096142193,616.42103088176,0.8660032435760203,Group A,1
0.5427127953638823,5997.989992019447,221.46486559513238,0.7038253487705641,Group B,1
0.42607293341504726,12594.65018723019,262.41678898771437,0.6483033954389678,Group A,0
0.25842042275862986,4180.4176384904495,231.27345638133568,0.9399235340587306,Group B,1
0.7133618502986535,3069.615711888179,171.05697483727516,0.45575974919614204,Group B,0
0.21577322597852644,6462.500568746478,528.2457781208506,0.11325821313150575,Group A,1
0.40544785826226803,5153.972730459038,260.341793747575,0.5680749655791216,Group B,1
0.8333542534710825,9653.616267453057,532.4090810433472,0.6682334429813076,Group B,0
0.5045568696012082,7490.364013049276,554.2558692695723,0.9771260892372781,Group A,1
0.450301943473556,5897.6209770812875,118.34353840477573,0.8031844880755201,Group B,1
0.22291656989340358,7508.171337040229,413.7273505122509,0.5415842863543738,Group B,1
0.09319994960632028,10203.942392806497,317.4700907959052,0.9416389183866242,Group B,1
0.0626711570708467,10302.376014071713,465.0174983334548,0.6483225410554744,Group A,1
0.19561271836708616,8187.148815137184,378.6462543641841,0.8644765816097282,Group A,1
0.36122576207203094,7310.945457113716,587.8082371690716,0.3343172542304953,Group B,1
0.8858389909070175,5486.624403097801,564.3170160463272,0.8342828025282863,Group B,1
0.6866782011352894,3469.751827855818,577.8925396128002,0.1654219620740217,Group B,0
0.7003570539142987,7456.481801756767,141.73434290491002,0.2889953257539135,Group A,1
0.8237383820327182,4120.69937695163,545.0025071952381,0.3768191878467396,Group A,0
0.23137902312769187,8706.824359172328,648.8997090864683,0.8486888988073177,Group B,1
0.9461714881677741,13102.005465770237,627.3160230421909,0.9371420945587604,Group A,1
0.308271064243299,6152.664422164922,582.4686628554691,0.341311017952056,Group A,1
0.09889797069182404,11661.424054478739,634.6384839809001,0.9470950341690912,Group B,1
0.7137292733576606,11876.450194545125,175.99471492129766,0.7039553172939405,Group A,1
0.4362563538948707,8038.032474691981,205.54485799757492,0.8371768621026485,Group B,1
0.6745620629659942,8716.733656880533,182.2064147633135,0.4378289297913138,Group B,1
0.39888741811422845,8269.230667595606,405.0616475931087,0.9354513724460432,Group B,1
0.004999117240310991,8479.29326128076,602.2663792104396,0.32850730479962553,Group B,1
0.8682756591002432,11393.652962343478,480.58626768637254,0.6562084593456209,Group B,1
0.4952330984604921,4338.142153050603,618.7306563294526,0.3879416014415469,Group B,0
0.6537576260786812,3495.945743835976,274.48493929243836,0.7523709622180839,Group A,1
0.8523720551762157,5858.205086965151,566.237892713477,0.7430186511313197,Group A,1
0.17907866755331958,7881.845694922199,409.3173588584215,0.850917689814684,Group B,1
0.010036069506950573,10549.014613847594,217.09023102470047,0.166415695320991,Group A,0
0.7714343242879139,8720.302622627349,145.37214506672393,0.5309335571644114,Group A,1
0.7863032667859287,9347.58847948809,482.93782825273166,0.8692735873269096,Group A,0
0.3513424048916014,10561.171484500897,462.49511135269915,0.5890477697279389,Group A,0
0.9980421880058874,4871.7347416186585,210.49223149642128,0.547424028109556,Group A,1
0.33739989633065826,5841.409010852039,486.7107515764385,0.5348757296110441,Group A,1
0.0527684264018341,11768.96852820885,138.20007031993572,0.5668996588533729,Group A,0
0.6256642162621253,9358.088074785217,120.11352468798961,0.8099879861173572,Group B,1
0.3424813423758185,4808.985713336241,295.21735544235355,0.0727673029519098,Group B,0
0.8768918305748273,9682.216204587106,385.5732568550024,0.6501273693289528,Group A,1
0.2948788796637547,6927.630300871231,478.5446294260646,0.7259779160365772,Group B,0
0.8844556819074227,11856.328124839885,498.43350761890053,0.9409314889385414,Group A,1
0.5382208539170017,8082.14287590297,267.0927526431609,0.05863184250136966,Group B,1
0.5119880289115367,13001.141929900936,295.2723374321754,0.8272017822476679,Group A,1
0.686829358475139,10652.129478268955,606.0849232496497,0.12496621594099167,Group A,1
0.5045394468823031,3032.2639108665694,653.1765821908027,0.2623786790507503,Group A,0
0.6920519099229533,3376.6351544551735,310.301184286262,0.7243225452959536,Group B,1
0.483149447427915,12394.93553862052,82.58696525305882,0.16063909889259975,Group B,1
0.5968426842832751,12691.5339345982,484.397711925489,0.7387027608811598,Group B,1
0.19192527011901372,12498.514819037828,212.72514692542435,0.11417706891755486,Group A,1
0.47621627273366907,12406.135143121759,582.3880041759439,0.37298377201868627,Group A,0
0.17089732792169843,3818.276425342107,468.74779565958886,0.406936554244811,Group A,1
0.698083011307228,9630.741861176022,219.8957913637116,0.19631623200811565,Group B,1
0.3691130345321584,8023.978243468958,649.7577588136465,0.8392470531580888,Group B,1
0.8608284333162913,2956.224216281647,265.45075653877575,0.7401990468439275,Group B,1
0.9183085749357351,12285.296258920145,466.4245126233315,0.38730376383296417,Group B,0
0.07401884116475099,6131.926777674479,440.73858865377844,0.20267904647618873,Group B,1
0.23788888367354055,4686.943014231222,503.1769486735078,0.5025811707600085,Group A,1
0.5721349580299545,5311.506841646456,124.01515011536367,0.47880864906006804,Group A,0
0.7933277176086782,10346.52083204726,527.0082812500282,0.9067309910981475,Group B,1
0.5315236588349664,10235.754713637743,144.25631640108335,0.8719013529830382,Group A,1
0.38094104009867,13101.79959082319,154.72470160533703,0.16675212872970135,Group B,0
0.3466426459250598,6261.895216200715,398.447760459686,0.19398733662501877,Group B,1
0.24995985672054244,4897.904081641724,83.31181260695051,0.9853481645729197,Group B,1
0.8483629715216262,3116.835473423068,296.94852767525117,0.02529638772067877,Group A,1
0.3215934850274561,9753.58070711002,471.06943456354435,0.04557201791504495,Group A,1
0.4664919110823712,10470.929108575723,381.0364730234466,0.6094531011013109,Group B,1
0.7323812934873882,4995.292532957023,345.44601948095254,0.35735499999763787,Group A,1
0.3641840521510554,6109.097046568931,493.9587421778595,0.8153501962722309,Group B,1
0.2990176087979687,10165.297698023045,480.2463219918813,0.2608112507735353,Group B,1
0.5358061075528393,9164.488693761637,492.6543121973467,0.46654381719389304,Group A,1
0.5988431849898086,8972.728895150773,229.76379647852113,0.5891700019717763,Group A,1
0.5545123544630639,9563.095904163449,180.78431087801545,0.47105645921668804,Group B,1
0.8377361318535806,10603.024564921772,158.44195303660644,0.597483259409406,Group B,1
0.7276121517011128,8815.377197526428,529.8652204975742,0.895945486220067,Group A,1
0.18217374383639917,11309.348615931163,308.32424935725703,0.26756461343295956,Group B,1
0.5530965949319366,12691.147416578482,281.2389001936486,0.24404253391290132,Group B,1
0.01875005752269432,3003.8299318792097,539.5740862547141,0.415904906041498,Group B,0
0.11950923604993391,7338.831348913697,433.3873487354667,0.9189826843578616,Group A,1
0.01954456882854294,8437.792371107324,345.1523416366249,0.24178774198954622,Group A,1
0.788329247084118,3942.2994130731067,263.9199580664772,0.25452522232573604,Group A,1
0.8242995092961687,3388.3562055097377,380.78113060658393,0.34933736909043955,Group B,1
0.3972134088882435,3496.818273348923,498.5303634655921,0.8183892286295392,Group B,1
0.13052675550021853,9202.88143261369,424.7341024711743,0.7728997546333923,Group A,1
0.7198673373805633,2990.580375342906,171.2213320329027,0.7928693158186294,Group B,1
0.3194306975329687,5108.77882692385,644.8324544855966,0.7914035647460083,Group A,1
0.18718029218135024,10807.546086754672,167.92061664198604,0.9160259585581354,Group B,1
0.4835235485798064,8399.6272775689,471.2423476850092,0.9134930338732828,Group A,1
0.12279043475801055,12840.796813162124,610.7364783957296,0.4803089094921146,Group A,1
0.467388457119023,7318.015833634586,597.9133558209966,0.3678076339062075,Group A,1
0.6672704561853576,12380.876293268933,234.62575956005077,0.05448002514723971,Group A,1
0.6325348672871045,10365.542314467999,277.3020258267769,0.995413879714262,Group A,1
0.4918124835447416,5686.8818392451285,379.9836774443804,0.8936160903239962,Group B,0
0.0231568868159151,11311.270100051135,88.404430868073,0.7434265658584955,Group B,1
0.874384179999481,6893.748539848806,591.9237508421022,0.11770561565708215,Group B,1
0.8571343845506475,11570.053473061329,187.6256085226751,0.9636061881560893,Group B,1
0.9458094534616038,11555.810769353517,406.3287980915717,0.6724997480645984,Group B,1
0.3885894431487703,8232.972324376567,142.19009870696595,0.7136832345184382,Group A,1
0.8997515207596968,6181.776289776347,584.7401160015506,0.3575889695525779,Group A,0
0.1969430275963322,7026.096120793965,82.95848871040187,0.06981228517764027,Group B,1
0.28904997451172343,11614.039372643727,645.7659552555107,0.45090291026909424,Group B,1
0.911176693708712,9146.930180243773,383.58337066754297,0.7848958783609044,Group B,1
0.24506140988872271,11054.918438157336,96.92465638545018,0.9978573888155974,Group B,0
0.288101135994,11379.472993040308,456.405111852553,0.16523767113763466,Group B,0
0.038499889143197685,10442.77845705832,216.81589773768079,0.4009905989569751,Group A,1
0.2657847189969742,8630.056555271764,371.1758740574095,0.9259511916073572,Group B,1
0.9706661694613337,8646.343832037663,546.6953257376254,0.04075386849161611,Group A,0
0.8097968725945225,7313.152401085893,591.6009752324769,0.40880467219190597,Group A,1
0.639511931504471,9759.379672735608,191.0761975305325,0.19857628727719812,Group B,0
0.3536736144832884,11944.92951869766,360.1004166071936,0.06312009803548346,Group A,1
0.3890217679541069,12722.64225608846,489.53371235852046,0.5622835669378886,Group B,1
0.6789347591558925,13139.168544261538,147.56657030233248,0.8560214241799305,Group A,1
0.04078400517002234,11683.160431266166,392.9124555968286,0.6881183933447602,Group B,1
0.5874716108042678,12588.11162153505,87.59990302172233,0.47719802467597117,Group A,0
0.876278087127417,8711.606427385686,278.04213605658515,0.5427225461915874,Group A,1
0.9133641331924642,5082.659024443337,134.5446549358947,0.23832100015862856,Group B,1
0.00012623127882827045,6912.198677299601,569.731156919033,0.36927092752699164,Group B,1
0.16831417122936343,5236.663243490578,506.93042596475755,0.519234779867659,Group A,1
0.26112760892577946,3701.20154716702,264.3536687649192,0.38804211719140147,Group B,1
0.9490935720444029,11943.470311079856,334.5982633096382,0.3160678556246824,Group A,1
0.622524542457249,5839.390281078509,218.21422357658366,0.827035942125968,Group A,1
0.9581239296836155,5138.5976103063185,582.5116754845592,0.5136558557117319,Group A,1
0.19948808236335447,3296.9043613335703,345.66862245083405,0.2255739126494788,Group A,1
0.16976513227073242,7447.473999424373,227.94857534045846,0.15190922216394842,Group B,1
0.7136074008729009,6582.140669321061,620.2569598009723,0.0008752302939536438,Group B,0
0.5984021014147382,7210.716793654663,622.7327962726173,0.901732582645016,Group B,1
0.47487424201897355,7920.782424902336,316.3609942528708,0.467585126576907,Group B,1
0.9020679477474062,12256.003209109866,495.38305493195054,0.23059458784216302,Group B,1
0.15558911679527765,7645.730266779387,315.31155798162024,0.27143635706967784,Group B,1
0.9208075032645693,11830.361999771016,650.1669217184673,0.2558548267248404,Group B,1
0.5910469722457083,9179.089931545308,555.2362691607537,0.27747623304703706,Group B,1
0.6178874351863359,11357.284598790113,165.0550138730809,0.6169015539610763,Group A,1
0.6086638191523339,6647.315901708402,422.70630117200255,0.6489607878968695,Group B,1
0.3090417302177131,8950.222324517104,547.7464063829659,0.6427700172337943,Group B,1
