true_label,prediction,sensitive_feature
0,0,9355
0,0,6263
0,0,4080
0,0,6435
0,0,3244
0,0,8922
0,0,1066
0,0,2478
0,0,157
0,0,9103
0,0,8823
0,0,8926
0,0,8557
0,0,1608
0,0,7538
0,0,5190
0,0,8714
0,0,6149
0,0,8466
0,0,4757
0,0,4666
0,0,5729
0,0,6073
0,0,7076
0,0,6750
0,0,866
0,0,288
0,0,6706
0,0,9532
0,0,6879
0,0,9282
0,0,9164
0,0,5939
0,0,6190
0,0,6636
0,0,8847
0,0,4636
0,0,8819
0,0,854
0,0,3685
0,0,2061
0,0,173
0,0,7587
0,0,5329
0,0,8970
0,0,6340
0,0,8285
0,0,343
0,0,7171
0,0,8216
0,0,1544
0,0,3238
0,0,5775
0,0,8754
0,0,8105
0,0,5516
0,0,7602
0,0,3791
0,0,6533
0,0,5956
0,0,5385
0,0,5806
0,0,348
0,0,764
0,0,4160
0,0,388
0,0,5954
0,0,9279
0,0,9494
0,0,7698
0,0,6595
0,0,8193
0,0,6477
0,0,8262
0,0,6732
0,0,3184
0,0,1468
0,0,7102
0,0,3889
0,0,9766
0,0,9427
0,0,3512
0,0,6547
0,0,5594
0,0,708
0,0,9879
0,0,1628
0,0,9748
0,0,2444
0,0,6423
0,0,2025
0,0,2019
0,0,9571
0,0,4102
0,0,3710
0,0,4390
0,0,4190
0,0,9669
0,0,1135
0,0,4155
0,0,4387
0,0,5174
0,0,7841
0,0,3204
0,0,1788
0,0,1982
0,0,2030
0,0,8287
0,0,6925
0,0,2961
0,0,380
0,0,6087
0,0,8289
0,0,1380
0,0,5422
0,0,8436
0,0,7972
0,0,1281
0,0,193
0,0,8541
0,0,5141
0,0,270
0,0,6014
0,0,9293
0,0,4976
0,0,4912
0,0,9602
0,0,1649
0,0,5885
0,0,7077
0,0,3789
0,0,2309
0,0,1779
0,0,9461
0,0,779
0,0,7106
0,0,111
0,0,404
0,0,412
0,0,5256
0,0,6151
0,0,9504
0,0,9234
0,0,1443
0,0,689
0,0,2968
0,0,3359
0,0,9180
0,0,2076
0,0,4389
0,0,1050
0,0,4121
0,0,7234
0,0,893
0,0,4569
0,0,2904
0,0,872
0,0,8431
0,0,5627
0,0,1961
0,0,4995
0,0,6088
0,0,3456
0,0,595
0,0,100
0,0,6917
0,0,845
0,0,6287
0,0,3927
0,0,8056
0,0,7453
0,0,4590
0,0,6633
0,0,722
0,0,4994
0,0,5663
0,0,1718
0,0,2095
0,0,3372
0,0,7426
0,0,4347
0,0,8002
0,0,4961
0,0,6110
0,0,5235
0,0,1262
0,0,9128
0,0,9119
0,0,5170
0,0,3514
0,0,4466
0,0,2040
0,0,4421
0,0,8920
0,0,4316
0,0,9323
0,0,2511
0,0,8569
0,0,3409
0,0,5615
0,0,1184
0,0,5911
0,0,1801
0,0,6202
0,0,3614
0,0,4629
0,0,7470
0,0,4093
0,0,4098
0,0,8361
0,0,9578
0,0,7720
0,0,3271
0,0,5238
0,0,1273
0,0,3588
0,0,1292
0,0,5884
0,0,8344
0,0,3927
0,0,2714
0,0,1218
0,0,6812
0,0,6094
0,0,2549
0,0,1903
0,0,3417
0,0,4770
0,0,683
0,0,1043
0,0,7054
0,0,9323
0,0,4066
0,0,918
0,0,4365
0,0,9473
0,0,6879
0,0,8175
0,0,3332
0,0,5751
0,0,6543
0,0,4325
0,0,6043
0,0,9534
0,0,6626
0,0,2375
0,0,9809
0,0,7428
0,0,25
0,0,463
0,0,194
0,0,165
0,0,8625
0,0,1460
0,0,9613
0,0,332
0,0,751
0,0,5226
0,0,8587
0,0,7730
0,0,1118
0,0,3068
0,0,9293
0,0,2149
0,0,3979
0,0,7062
0,0,1942
0,0,7662
0,0,2397
0,0,1938
0,0,1725
0,0,7904
0,0,7621
0,0,5250
0,0,4098
0,0,8950
0,0,9414
0,0,8482
0,0,3851
0,0,9522
0,0,2797
0,0,7903
0,0,7886
0,0,520
0,0,5362
0,0,1164
0,0,5067
0,0,2575
0,0,9549
0,0,2390
0,0,1345
0,0,3325
0,0,5161
0,0,3443
0,0,6965
0,0,2853
0,0,4853
0,0,3739
0,0,4008
0,0,5916
0,0,1841
0,0,3776
0,0,2624
0,0,6811
0,0,980
0,0,900
0,0,2157
0,0,3748
0,0,2983
0,0,8839
0,0,454
0,0,3424
0,0,7521
0,0,9391
0,0,5563
0,0,5162
0,0,4938
0,0,1462
0,0,247
0,0,3962
0,0,120
0,0,4688
0,0,2752
0,0,8914
0,0,5900
0,0,118
0,0,634
0,0,5245
0,0,4734
0,0,177
0,0,4676
0,0,1616
0,0,3448
0,0,2643
0,0,1973
0,0,3150
0,0,5048
0,0,5445
0,0,6321
0,0,4876
0,0,4656
0,0,2303
0,0,6559
0,0,4451
0,0,4904
0,0,5014
0,0,3897
0,0,5794
0,0,784
0,0,3071
0,0,9158
0,0,5010
0,0,6293
0,0,5900
0,0,395
0,0,7174
0,0,144
0,0,1649
0,0,2658
0,0,8843
0,0,4253
0,0,8354
0,0,3368
0,0,1367
0,0,1620
0,0,7045
0,0,516
0,0,9967
0,0,6911
0,0,2064
0,0,6848
0,0,2967
0,0,2155
0,0,1395
0,0,121
0,0,7202
0,0,7732
0,0,982
0,0,5799
0,0,532
0,0,3884
0,0,1021
0,0,7790
0,0,3967
0,0,1949
0,0,4428
0,0,2357
0,0,4366
0,0,199
0,0,8082
0,0,4790
0,0,2382
0,0,796
0,0,4580
0,0,6622
0,0,8057
0,0,6817
0,0,1882
0,0,6774
0,0,5059
0,0,3242
0,0,9241
0,0,2389
0,0,8574
0,0,6525
0,0,548
0,0,9385
0,0,4253
0,0,8005
0,0,4082
0,0,9900
0,0,4552
0,0,2996
0,0,4640
0,0,3222
0,0,2870
0,0,1446
0,0,3535
0,0,8275
0,0,9870
0,0,6989
0,0,7259
0,0,9292
0,0,1337
0,0,5393
0,0,1690
0,0,9502
0,0,7894
0,0,3746
0,0,5298
0,0,8412
0,0,8838
0,0,1775
0,0,1787
0,0,7528
0,0,9768
0,0,7622
0,0,9439
0,0,2662
0,0,7018
0,0,8015
0,0,4545
0,0,9753
0,0,6260
0,0,8293
0,0,7549
0,0,6882
0,0,2591
0,0,3281
0,0,4556
0,0,7797
0,0,6255
0,0,4539
0,0,2808
0,0,3443
0,0,4347
0,0,3476
0,0,3429
0,0,2614
0,0,830
0,0,6469
0,0,8094
0,0,9642
0,0,759
0,0,9378
0,0,3023
0,0,7944
0,0,846
0,0,4397
0,0,9102
0,0,669
0,0,4458
0,0,6677
0,0,2217
0,0,1786
0,0,7042
0,0,1005
0,0,1134
0,0,127
0,0,6480
0,0,4103
0,0,9944
0,0,3830
0,0,3938
0,0,5728
0,0,6384
0,0,5666
0,0,9829
0,0,8157
0,0,8108
0,0,7497
0,0,7575
0,0,1110
0,0,9806
0,0,2275
0,0,9074
0,0,4013
0,0,7874
0,0,8988
0,0,2256
0,0,9487
0,0,2023
0,0,432
0,0,137
0,0,5648
0,0,563
0,0,9665
0,0,1882
0,0,7046
0,0,121
0,0,5214
0,0,2044
0,0,9660
0,0,4174
0,0,544
0,0,3739
0,0,971
0,0,6595
0,0,9908
0,0,941
0,0,3842
0,0,9029
0,0,8129
0,0,8380
0,0,7528
0,0,1021
0,0,8951
0,0,3291
0,0,6908
0,0,9385
0,0,1646
0,0,1960
0,0,3704
0,0,6695
0,0,9923
0,0,552
0,0,1347
0,0,979
0,0,4949
0,0,962
0,0,8459
0,0,9200
0,0,540
0,0,318
0,0,9997
0,0,1944
0,0,6770
0,0,6835
0,0,3061
0,0,8620
0,0,2562
0,0,4026
0,0,628
0,0,9303
0,0,6272
0,0,6079
0,0,259
0,0,7468
0,0,3987
0,0,2484
0,0,8496
0,0,6655
0,0,6322
0,0,672
0,0,738
0,0,2414
0,0,5334
0,0,9383
0,0,7336
0,0,1750
0,0,605
0,0,9431
0,0,7058
0,0,8030
0,0,5301
0,0,9932
0,0,3971
0,0,3711
0,0,2175
0,0,3888
0,0,9067
0,0,495
0,0,4972
0,0,695
0,0,8342
0,0,1079
0,0,693
0,0,5086
0,0,2224
0,0,4113
0,0,3799
0,0,8497
0,0,4626
0,0,698
0,0,3867
0,0,1398
0,0,1071
0,0,6378
0,0,5001
0,0,2100
0,0,5614
0,0,1414
0,0,2966
0,0,6121
0,0,8587
0,0,5512
0,0,7075
0,0,8032
0,0,2638
0,0,486
0,0,8292
0,0,479
0,0,8311
0,0,8109
0,0,3529
0,0,4780
0,0,5356
0,0,465
0,0,587
0,0,6328
0,0,8035
0,0,1398
0,0,1801
0,0,4960
0,0,6775
0,0,7289
0,0,4471
0,0,9568
0,0,7769
0,0,1869
0,0,2467
0,0,2451
0,0,1250
0,0,3874
0,0,8252
0,0,8750
0,0,6444
0,0,1645
0,0,145
0,0,5793
0,0,6973
0,0,9779
0,0,3312
0,0,4297
0,0,1288
0,0,1921
0,0,896
0,0,2765
0,0,343
0,0,2753
0,0,9784
0,0,731
0,0,825
0,0,5042
0,0,2444
0,0,5731
0,0,1151
0,0,812
0,0,6432
0,0,1989
0,0,5393
0,0,2230
0,0,4898
0,0,9961
0,0,2189
0,0,2547
0,0,7844
0,0,9725
0,0,736
0,0,639
0,0,2579
0,0,3587
0,0,1729
0,0,8663
0,0,4425
0,0,3331
0,0,9426
0,0,4961
0,0,4089
0,0,9051
0,0,7060
0,0,2526
0,0,8247
0,0,6807
0,0,7131
0,0,5750
0,0,5555
0,0,3873
0,0,8885
0,0,5427
0,0,9744
0,0,7007
0,0,9983
0,0,5824
0,0,4576
0,0,7623
0,0,1381
0,0,180
0,0,6745
0,0,5675
0,0,2394
0,0,2664
0,0,6475
0,0,5523
0,0,8610
0,0,9900
0,0,2529
0,0,7439
0,0,8659
0,0,7937
0,0,9525
0,0,4848
0,0,4230
0,0,3664
0,0,4786
0,0,9788
0,0,9874
0,0,8105
0,0,6303
0,0,2111
0,0,8421
0,0,5835
0,0,4367
0,0,7882
0,0,9005
0,0,5595
0,0,7736
0,0,1921
0,0,1787
0,0,968
0,0,9972
0,0,6878
0,0,9927
0,0,2534
0,0,5757
0,0,6839
0,0,7139
0,0,5615
0,0,5487
0,0,815
0,0,2797
0,0,53
0,0,785
0,0,6472
0,0,1183
0,0,4989
0,0,6340
0,0,5022
0,0,4020
0,0,2708
0,0,1129
0,0,1764
0,0,5736
0,0,3107
0,0,9198
0,0,498
0,0,7284
0,0,6907
0,0,6824
0,0,4133
0,0,8100
0,0,8502
0,0,9697
0,0,2733
0,0,3264
0,0,5483
0,0,4230
0,0,5527
0,0,5232
0,0,7285
0,0,560
0,0,7984
0,0,7938
0,0,214
0,0,8064
0,0,3861
0,0,7548
0,0,2708
0,0,4475
0,0,6622
0,0,750
0,0,7533
0,0,4949
0,0,7405
0,0,2848
0,0,1389
0,0,8226
0,0,9280
0,0,7943
0,0,9930
0,0,4778
0,0,232
0,0,7448
0,0,4310
0,0,983
0,0,7608
0,0,1360
0,0,5132
0,0,3301
0,0,2071
0,0,6392
0,0,1715
0,0,2925
0,0,2513
0,0,2080
0,0,8263
0,0,5381
0,0,4792
0,0,8480
0,0,7911
0,0,1223
0,0,9399
0,0,8958
0,0,6985
0,0,2931
0,0,7040
0,0,6368
0,0,3288
0,0,8245
0,0,3112
0,0,930
0,0,9977
0,0,6294
0,0,4060
0,0,5774
0,0,4591
0,0,7918
0,0,9670
0,0,2786
0,0,1843
0,0,2072
0,0,7294
0,0,7536
0,0,1158
0,0,4739
0,0,4886
0,0,3746
0,0,3620
0,0,3392
0,0,4
0,0,9482
0,0,8196
0,0,2425
0,0,8388
0,0,7201
0,0,1979
0,0,4724
0,0,5041
0,0,7868
0,0,906
0,0,8926
0,0,3570
0,0,8396
0,0,909
0,0,8784
0,0,4846
0,0,6445
0,0,9514
0,0,8713
0,0,4459
0,0,2489
0,0,2705
0,0,4032
0,0,9351
0,0,4769
0,0,6597
0,0,2357
0,0,6640
0,0,8157
0,0,1980
0,0,6018
0,0,8170
0,0,8432
0,0,5298
0,0,3527
0,0,8559
0,0,4534
0,0,1789
0,0,9536
0,0,6864
0,0,2668
0,0,8083
0,0,1563
0,0,59
0,0,7297
0,0,6427
0,0,5700
0,0,8802
0,0,4991
0,0,2661
0,0,2793
0,0,1468
0,0,6115
0,0,5193
0,0,4837
0,0,8156
0,0,5413
0,0,1601
0,0,9712
0,0,915
0,0,5530
0,0,1731
0,0,7938
0,0,9477
0,0,4377
0,0,7831
0,0,4812
0,0,8480
0,0,794
0,0,6308
0,0,783
0,0,1926
0,0,5166
0,0,8827
0,0,3786
0,0,5524
0,0,6416
0,0,7675
0,0,2871
0,0,7063
0,0,9288
0,0,6404
0,0,2926
0,0,9970
0,0,3648
0,0,7928
0,0,7241
0,0,3530
0,0,3274
0,0,7844
0,0,6912
0,0,3974
0,0,900
0,0,7440
0,0,1059
0,0,2550
0,0,730
0,0,8443
0,0,9368
0,0,9160
0,0,8519
0,0,2410
0,0,1186
0,0,7660
0,0,199
0,0,241
0,0,4257
0,0,3104
0,0,3843
0,0,5831
0,0,4554
0,0,9811
0,0,715
0,0,1557
0,0,4617
0,0,8723
0,0,984
0,0,2443
0,0,7315
0,0,809
0,0,4671
0,0,5614
0,0,7285
0,0,4643
0,0,2319
0,0,5273
0,0,4528
0,0,8172
0,0,132
0,0,1592
0,0,7684
0,0,7311
0,0,8627
0,0,9440
0,0,9108
0,0,2551
0,0,5141
0,0,59
0,0,5385
0,0,5131
0,0,272
0,0,275
0,0,7946
0,0,7041
0,0,2155
0,0,7438
0,0,6369
0,0,6863
0,0,6037
0,0,1749
0,0,2666
0,0,8104
0,0,80
0,0,337
0,0,1091
0,0,3635
0,0,1848
0,0,225
0,0,8815
0,0,9620
